longitude,latitude,forest_loss_prediction
81.5392,28.4691,0
84.9189,27.2715,0
84.5191,27.5328,0
82.1544,28.3458,0
82.8061,27.9133,0
80.4394,29.0802,0
81.9114,28.1378,0
80.7806,28.8468,0
81.5392,28.4691,0
82.0489,28.4367,0
80.7796,29.3127,1
81.863,28.2275,0
84.8319,27.2679,0
81.409,28.4598,0
81.8359,28.5216,0
82.2339,28.2669,0
81.9226,27.9675,1
82.0347,28.5842,1
81.1337,28.8108,0
80.7888,28.7041,1
82.5356,27.9497,0
82.5983,27.9629,1
82.734,27.6943,0
80.5248,29.146,0
80.8831,28.5489,0
80.5481,28.9094,0
82.1091,28.3223,1
80.2114,28.8979,0
81.3125,28.7233,1
85.635,27.3076,0
80.6719,29.0545,0
81.4747,28.3953,0
82.7364,27.8992,0
81.5422,28.316,0
85.6372,27.3863,0
81.5363,28.4747,0
87.2733,26.7806,0
87.9522,26.4637,0
82.285,28.3252,0
84.9414,27.3202,1
81.8988,28.12,1
84.4563,27.556,1
80.5164,29.1591,1
80.162,28.865,0
82.4503,27.9629,0
81.2042,28.7409,0
81.9027,28.1332,0
81.3,28.6396,0
80.2161,28.8633,0
84.9744,27.2761,0
80.7783,28.9532,1
84.7467,28.049,0
82.4232,27.8101,0
81.2735,28.5284,1
82.0261,28.0798,1
87.7107,27.1896,0
81.8435,28.1225,0
81.9763,28.2934,0
82.7464,27.8977,0
81.2847,28.5274,0
82.6824,27.9159,1
84.7986,27.3359,1
82.1939,28.3195,1
80.4826,29.1847,1
82.2291,27.994,0
80.1938,29.1102,1
82.2339,28.2669,0
81.9386,28.1341,0
83.9765,27.5019,0
81.5925,28.3732,1
82.9866,28.114,0
80.7365,29.0923,1
80.369,28.8692,0
80.9971,28.9324,0
81.2929,28.6565,0
82.0479,28.0569,0
80.3901,29.0967,0
80.9622,28.5333,1
84.8066,27.2418,0
82.8205,28.0045,1
81.546,28.7129,0
81.3319,28.7055,0
82.1395,28.0204,0
81.3946,28.4495,0
80.8452,28.5704,0
81.6025,28.3225,0
81.1126,28.8596,0
81.6358,28.4215,0
81.429,28.8985,1
82.1921,28.2511,0
82.1695,28.0257,0
84.9189,27.2279,1
81.1974,28.9743,0
80.4033,28.7867,1
81.3848,28.9615,1
80.1567,28.9264,0
80.6447,29.1344,0
81.6778,28.5345,0
81.5006,28.5191,0
81.313,28.5971,0
80.7139,28.6579,1
81.9481,28.3271,0
81.9509,28.1098,0
80.7367,29.0372,1
80.2294,28.8222,0
81.7006,28.4784,0
81.5358,28.7005,0
86.9806,26.7669,1
81.4506,28.3289,0
80.186,28.8461,0
83.1646,27.74,0
81.4893,28.6955,0
85.2926,27.1293,1
84.0478,27.5303,0
81.5256,28.3588,0
80.3401,28.7432,1
84.4596,27.5501,0
84.6572,27.9491,0
84.9436,27.2829,1
81.9125,28.1035,0
80.1902,29.1054,0
80.8464,28.5969,0
80.5418,29.1616,0
81.954,27.9813,1
80.5306,29.0384,0
85.9545,26.9817,1
81.307,28.548,0
80.3628,29.231,1
84.3418,27.5571,0
81.7788,28.435,0
81.84,28.114,0
80.5639,28.9011,0
81.5416,28.3524,1
80.4599,29.1162,0
81.8837,28.1015,0
83.5038,27.6476,1
83.9017,27.6266,0
81.0215,29.2673,1
82.1201,28.324,0
80.8057,29.3811,0
81.9286,28.1154,0
80.8831,28.5489,0
84.7869,28.283,1
81.954,27.9813,0
81.2117,28.9912,1
84.8367,27.3371,1
81.7607,28.7231,1
84.7652,27.3426,0
81.3131,28.7084,0
82.8981,28.0149,0
80.469,28.7751,1
80.8737,28.7996,0
85.2159,27.8842,1
80.3142,29.1083,1
81.3143,28.564,1
81.4384,28.5169,0
80.6432,29.116,0
81.5245,28.5367,0
85.8338,27.0207,1
81.2929,28.6565,1
81.2786,28.5924,1
82.8049,27.9025,0
82.2829,27.8483,0
80.5088,29.0238,1
82.6655,27.7696,1
82.1576,27.8937,1
80.1771,28.8106,0
86.5608,26.9083,1
81.3695,28.5393,0
81.5553,28.3727,0
82.0765,28.1929,1
80.5957,28.8633,0
80.7004,28.7041,1
81.409,28.4598,0
82.0033,28.6442,1
80.8523,28.9371,0
82.8981,28.0149,0
82.298,27.8455,0
81.5363,28.4747,0
82.1669,27.9191,1
82.8634,27.7608,0
81.2702,28.5748,0
86.417,26.9813,0
83.976,27.6272,0
80.7391,28.6709,0
82.6824,27.9159,0
81.9667,28.2635,0
81.8997,27.9611,0
81.3573,28.6003,1
81.474,28.3685,0
81.3282,28.6074,1
81.2654,28.5223,0
82.1071,28.4486,0
80.6527,29.0179,1
81.5063,28.4066,1
84.7858,27.2696,0
82.1149,28.0517,1
84.8066,27.2418,1
80.9971,28.9324,1
81.3485,28.893,0
84.6187,28.1235,1
81.4539,28.4161,0
82.1442,28.5452,0
81.4421,28.4142,0
82.6268,27.9346,0
82.0601,28.0649,1
82.8061,27.9133,0
80.2694,29.4293,0
81.8837,28.1015,0
80.2146,28.8479,0
82.2382,28.4434,0
86.778,26.7266,0
84.9094,27.3111,0
81.8739,27.9821,1
82.6777,27.916,0
81.4628,28.4311,0
82.8557,27.8853,0
80.4705,29.0747,0
82.1688,28.5842,1
81.3573,28.6003,0
81.6597,28.3767,0
82.4806,28.2358,1
81.5733,28.3365,0
81.6394,29.1657,0
81.3091,28.5415,0
80.767,29.0288,0
82.0159,28.0784,0
85.6529,27.0583,1
82.6135,27.9371,0
81.7093,28.2948,0
80.2628,29.0125,0
81.4146,28.3896,1
84.2329,27.5224,1
82.1149,28.0517,0
86.0702,27.2442,0
86.6082,26.9005,1
81.0033,29.2612,0
80.7967,28.8136,1
81.9166,28.0923,0
82.3415,27.7722,0
80.427,29.0966,1
81.983,28.1103,0
80.4581,28.7311,0
80.4292,29.1057,0
80.4812,28.7295,0
81.4446,28.4569,0
84.8731,27.3418,0
80.8551,28.6629,0
81.8794,28.2954,1
81.5561,28.4897,1
81.546,28.7129,0
81.7868,28.4412,0
80.8614,28.7055,0
81.7261,28.2422,0
80.3901,29.0967,1
80.3815,28.993,1
81.4309,28.8939,0
82.1757,27.9302,0
87.7517,27.211,1
82.0683,28.1876,0
80.6294,29.1371,0
81.2928,28.5601,1
81.3373,28.8892,1
81.4385,28.4564,0
83.1412,28.3162,0
84.4838,27.5524,0
81.132,28.8267,0
81.473,28.9985,0
82.054,28.258,0
80.469,28.7751,0
81.8494,28.6292,0
81.1822,28.9969,0
84.3418,27.5571,0
81.5718,28.5311,0
80.7707,28.9539,1
81.2946,28.5389,1
80.6227,28.9373,0
82.0111,28.0722,0
81.4016,28.4771,0
81.6591,28.5585,0
83.8027,27.6211,0
86.112,27.2283,0
81.9825,28.6553,0
80.1867,29.0572,0
82.2608,28.2627,0
86.0991,27.2546,1
82.8946,28.012,0
82.0117,28.0912,0
82.8268,27.7426,1
85.7126,27.6137,0
82.0738,28.361,0
81.8162,28.0337,0
84.9568,27.2618,1
84.0369,27.5286,0
81.5568,28.5941,1
82.9132,27.9179,0
80.1745,28.8965,0
81.9339,28.4931,1
85.7363,27.071,1
82.8076,27.8389,0
81.0734,28.8218,0
80.2993,29.2036,0
80.8464,28.5969,0
81.3187,28.6778,1
81.3282,28.6074,0
81.9027,28.1332,1
84.1375,27.5339,1
82.0488,28.1822,0
80.3323,28.7562,0
81.4401,28.5078,0
85.3042,27.1096,1
81.4609,28.7358,1
82.1821,28.0051,1
81.4108,28.9003,0
82.1197,28.3181,0
81.7282,28.2761,0
83.894,27.602,0
82.0512,28.0938,0
83.1412,28.3162,1
81.4747,28.3953,0
80.4159,29.0952,0
81.1126,28.8596,0
82.7322,27.8988,0
80.8734,29.0304,1
81.4478,28.8891,0
84.5477,27.4044,0
82.9222,28.0039,0
82.8177,28.093,0
82.1928,28.3449,0
82.2366,28.007,0
82.568,27.8894,0
81.8833,28.1118,1
81.8138,28.3304,0
80.5612,29.3677,0
87.9641,26.4816,1
81.4356,28.2601,0
82.3226,27.8563,0
81.0627,28.9149,1
83.0963,28.1711,0
81.835,28.1497,0
80.9971,28.9324,0
81.8476,28.1417,0
80.6829,28.8578,0
80.4557,29.1008,0
85.0746,27.2116,0
82.0873,28.2712,0
80.8772,28.5946,0
82.2829,28.3799,1
81.2673,28.5022,0
82.1814,28.0184,0
81.0703,28.9604,1
82.89,27.6876,0
81.4404,28.3927,0
80.6658,28.943,0
81.4582,28.4771,0
81.935,28.4674,0
82.8076,27.8389,0
82.8756,27.7117,1
83.9958,27.5236,0
81.5952,28.4611,1
80.4282,29.1105,1
82.1102,28.0343,1
87.3497,27.1979,0
81.9386,28.1341,0
80.7009,28.6729,0
85.7605,27.4498,0
81.6294,29.1643,0
81.2522,28.505,0
83.0107,28.1335,1
81.2986,28.7415,0
80.658,28.9265,1
82.6938,27.726,0
80.3142,29.1083,0
83.1135,28.1366,0
81.2364,28.7063,0
81.8476,28.6364,0
80.5202,29.2795,0
81.7609,28.687,1
82.1814,28.0184,0
81.225,28.6018,1
80.6227,28.9373,0
80.2699,29.1191,1
82.2819,28.3161,0
82.6824,27.9159,0
84.5354,27.4119,0
80.5044,29.2766,0
82.5389,27.9374,0
82.0783,28.1842,1
83.0533,28.033,0
80.4798,28.9777,0
81.3902,29.0049,0
80.8202,29.3236,0
81.7228,28.2736,0
81.8693,28.3033,0
82.0601,28.0649,0
80.5481,28.9094,0
81.1949,28.8213,1
80.5121,28.9863,0
81.2987,28.6118,0
80.3865,29.0235,1
81.3764,28.5811,0
81.8565,27.974,0
83.235,27.6806,0
80.9581,28.5153,0
82.8737,27.9249,0
80.4798,28.9777,1
84.5459,27.4136,0
81.4904,28.3249,0
80.6179,29.3673,0
83.5294,27.7138,0
81.5097,28.3483,1
82.5843,27.7616,0
80.683,28.926,0
80.8204,28.782,1
81.8495,28.797,0
81.4037,28.9007,0
87.3239,27.0911,0
81.8059,28.0322,0
80.8601,29.0369,0
83.1762,28.0166,1
81.6674,28.3171,0
82.4015,27.8247,0
81.3607,28.8948,0
80.2765,28.9807,0
81.0007,28.9412,1
80.4552,29.0879,0
81.4877,28.4473,0
80.829,28.6253,0
81.093,28.8558,0
81.4825,28.6263,0
82.8475,27.9298,0
83.2205,27.7432,0
80.3686,29.1153,1
80.9622,28.5333,0
80.6526,29.0006,1
81.3654,28.4725,0
81.3817,28.3631,0
82.8205,28.0045,0
81.307,28.6794,1
81.049,28.762,1
81.8986,28.5322,1
80.4292,29.1057,0
82.0512,28.0938,0
83.0949,27.6733,0
81.0033,29.2612,0
81.9639,28.4889,0
80.5612,29.3677,0
80.7195,28.9677,0
80.4663,28.7425,0
81.1763,28.8446,1
81.6921,28.2993,0
82.1674,27.9531,0
85.0746,27.2116,1
80.3987,29.1072,1
82.4082,27.921,0
80.6389,29.4298,1
81.4851,28.5055,0
81.8223,28.0218,1
81.2686,28.5807,0
81.6734,28.4847,1
82.2407,28.3485,0
80.644,29.1323,1
86.0324,27.0151,1
80.9826,28.8872,1
80.6032,29.0822,1
82.3161,28.322,0
86.7885,26.7887,0
80.5418,29.1616,0
80.2929,29.1042,1
81.897,28.129,0
81.5308,28.3876,1
81.8146,28.522,1
81.3437,28.5556,0
82.9083,28.0165,1
84.9744,27.2761,0
80.8601,29.0369,0
80.4812,28.7295,0
80.1855,28.8431,0
81.9176,28.1168,0
80.7796,29.3127,0
82.4503,27.9629,0
81.4804,28.6569,1
80.2146,28.8479,0
86.5895,26.7651,0
81.4877,28.4473,0
81.1261,28.83,1
81.8732,28.4107,0
81.7032,28.4687,0
82.7511,27.7761,0
82.6581,28.3111,0
81.4697,28.4131,0
81.2802,28.9689,1
82.1076,28.506,0
82.2086,27.9007,0
85.9522,27.0294,1
80.4933,28.7165,0
84.903,27.3012,1
82.0024,28.0851,0
81.4385,28.4564,1
81.4781,28.3493,0
81.0443,28.8985,1
81.1623,29.0841,1
81.546,28.7129,0
80.5038,29.0235,0
81.9289,28.1231,1
87.6906,26.7129,1
85.0784,27.2152,0
80.8783,28.6114,0
80.3917,29.0877,0
84.5042,27.5312,0
81.432,28.2055,1
85.5132,27.0177,0
84.8524,27.2787,1
81.8269,28.4011,0
81.9363,28.1443,1
81.4877,28.2956,0
81.9893,27.9526,1
81.5245,28.5367,0
82.1551,28.5305,0
83.075,27.6561,0
82.7875,27.923,0
80.4373,28.769,0
81.5396,28.3879,1
81.8063,28.6528,1
81.3091,28.5415,0
86.112,27.2283,0
80.8831,28.5489,0
80.5285,29.1514,0
84.0651,27.5216,0
82.6109,27.9506,0
87.9522,26.4637,0
81.8468,28.3053,1
81.6207,28.4471,1
81.1808,28.8102,0
81.2986,28.7415,0
81.5339,28.3555,0
83.0164,27.9736,1
81.3043,28.7967,1
82.0991,28.1689,0
81.3097,29.664,1
81.3848,28.9615,0
80.7163,29.0361,0
80.2659,29.0679,0
82.5385,27.9072,1
82.8177,28.093,0
81.4757,28.4112,1
80.986,28.8847,0
80.4821,28.9972,0
80.6309,28.9477,0
80.4046,29.167,0
81.0077,28.8936,1
84.9267,28.3668,0
80.3711,29.1097,0
81.8732,28.4107,0
81.5105,28.6906,0
81.2711,28.7637,1
82.2122,27.8734,0
85.7178,27.6821,0
82.1767,27.9512,0
80.8619,28.6444,0
81.5168,28.6066,0
81.6067,28.3757,0
82.4722,27.8074,0
80.1499,28.8725,0
82.057,28.2041,0
82.25,28.3594,0
80.6127,29.0967,1
82.0916,28.069,0
82.9019,27.8292,0
81.4146,28.3896,0
80.6652,28.9991,0
80.4789,29.409,1
82.8575,27.941,0
85.284,27.1881,0
82.1563,28.0134,1
82.1091,28.3223,0
81.5061,28.4686,0
80.2551,29.079,0
84.2224,27.5256,0
86.0129,27.0567,1
82.0387,28.5833,0
81.5242,28.469,0
81.3389,28.6057,1
80.6475,28.6865,0
81.7223,28.2586,0
82.2291,27.994,0
83.0107,28.1335,0
81.4098,28.974,1
81.4877,28.6948,0
81.1269,29.1414,0
81.855,28.1808,0
81.9588,28.3081,0
81.6547,28.3249,0
82.7352,27.869,0
81.8241,28.2247,0
84.1052,27.5388,0
80.6475,28.6865,1
82.1218,28.0229,0
80.8634,28.6298,0
80.167,28.886,0
82.6407,27.7853,1
81.8213,27.9344,1
82.5823,27.7601,0
80.9733,28.9014,1
83.0417,28.1484,0
80.8523,28.9371,1
80.1619,28.911,0
80.61,29.0898,1
81.4697,28.4131,1
81.835,28.1497,0
82.0695,28.4269,0
82.5843,27.7616,0
81.8628,28.1451,0
81.8998,28.2058,0
81.4687,28.4813,0
80.3685,29.4467,0
84.9094,27.2641,0
83.0317,27.6223,0
82.3813,27.8217,0
86.5895,26.7651,0
81.5427,28.4776,1
84.9044,27.2898,1
80.9692,28.9848,0
80.8734,29.0304,0
83.6639,28.5189,0
86.0364,26.9895,1
81.8648,28.1545,0
81.7666,28.5113,1
81.1572,28.9295,1
86.2063,27.0853,0
87.7517,27.211,0
81.5294,28.4167,1
84.4225,27.5537,0
81.6547,28.3249,0
81.5061,28.4686,0
80.5517,28.9047,1
82.252,28.6625,1
81.5061,28.4686,0
81.5969,28.3175,0
82.5324,27.9349,0
82.7512,27.9167,1
86.063,27.6563,0
81.8347,28.2676,1
81.3457,28.5929,0
81.4337,28.3782,0
81.9686,28.0532,0
81.5243,28.4657,0
81.8638,28.36,0
85.6976,27.0336,0
80.5315,29.1372,0
84.8079,27.2604,1
83.0876,27.6691,0
86.5608,26.9083,0
83.0217,27.6208,0
81.7771,28.253,1
82.3381,27.8114,0
81.8827,28.4123,0
80.9555,28.9771,1
83.1475,28.1447,0
80.8231,29.0315,1
80.5229,29.1456,0
81.5968,28.3232,1
81.3609,28.3796,0
80.1771,28.8106,0
81.7712,28.6871,1
81.3656,28.586,0
80.6798,28.909,1
81.9864,28.2918,1
82.1939,28.3067,1
81.3987,28.5183,0
80.7163,29.0361,1
81.6685,28.5238,1
80.4052,29.0079,0
82.0632,28.4821,1
80.6236,29.1211,1
80.1567,28.9264,1
81.3654,28.4725,0
80.6612,29.0189,0
80.7378,28.9196,1
81.2233,28.814,0
82.25,28.3594,0
81.1232,28.8661,1
81.4245,28.5719,0
82.2206,28.5383,0
81.9931,28.2176,0
81.4404,28.3927,0
85.1713,27.1581,0
80.6829,28.8578,0
80.8231,29.0315,0
81.8997,27.9611,0
82.2206,28.5383,0
81.4157,28.5734,0
82.1117,28.0243,0
80.2231,29.0351,0
82.0986,28.0633,0
80.1782,29.0571,0
82.7303,27.6838,1
80.8711,29.0039,0
80.2402,28.8416,1
82.0078,28.1588,1
81.2968,29.0462,1
83.9958,27.5236,0
81.5168,28.6066,0
80.1938,28.8966,0
82.1052,28.0666,1
85.7363,27.071,0
81.8318,28.1345,1
81.9763,28.2934,0
81.1232,28.8661,0
81.813,28.1132,1
81.1232,28.8661,0
81.6767,28.3267,1
83.0533,28.033,0
81.8794,28.2954,0
81.9588,28.0991,0
81.1714,28.9783,0
80.9555,28.9771,0
83.9017,27.6266,0
82.0698,28.4371,0
81.6274,28.4067,0
83.0963,28.1711,1
82.1197,28.3181,0
87.5131,26.7267,1
82.5823,27.7601,0
82.0596,28.184,0
82.6394,27.9252,0
81.4453,28.7524,1
84.0369,27.5286,1
84.8447,27.2792,1
80.4544,28.9738,0
81.9695,28.2265,0
81.8241,28.2247,1
81.3893,28.4133,0
81.4421,28.4142,1
82.2668,28.3269,0
80.3865,29.0235,0
80.4558,28.8046,0
82.0896,28.0723,0
80.5955,28.9507,0
81.5991,28.4476,0
80.4874,29.0114,0
81.5354,28.6085,1
81.8665,28.1632,0
81.4449,28.8864,0
82.2206,28.5383,1
81.4438,28.752,1
81.5778,28.4665,0
81.4719,28.3998,1
83.5307,27.7229,0
82.0592,28.4382,0
82.8585,27.9369,0
85.2679,27.1681,1
82.5049,27.9423,1
81.5952,28.4611,0
81.8648,28.1545,1
80.696,29.448,0
85.0784,27.2152,1
80.9019,28.8267,0
82.1047,27.9588,1
82.0347,28.5842,0
81.4838,28.3475,0
81.9494,28.1385,0
84.1356,27.739,0
86.4071,26.9827,0
82.8595,27.95,1
82.7636,27.7208,0
82.8729,28.0129,0
82.252,28.6625,0
80.6111,28.9498,0
80.4584,29.0788,0
82.2782,27.9804,1
81.1763,28.8446,0
80.4038,28.7952,0
80.9481,28.967,1
81.5335,28.6269,0
86.7935,26.7601,0
81.7415,28.2223,0
80.5248,29.0499,0
81.7351,28.2601,1
85.9495,27.0662,0
82.1354,28.3511,0
80.9709,28.7765,1
84.903,27.3012,0
81.3584,28.4627,0
82.6268,27.9346,0
84.7467,28.049,1
82.1585,27.8943,0
81.5523,28.3099,1
80.867,29.0348,0
85.0661,27.2235,0
81.8323,28.0966,1
82.2668,28.3269,0
82.1625,28.4285,0
81.4523,28.32,0
82.8756,27.7117,0
83.0231,27.6009,0
81.7594,28.4403,0
81.8634,28.1364,0
81.3033,28.8147,0
87.9636,26.4961,0
82.4082,27.921,0
82.7325,28.0705,0
80.4739,28.9942,0
81.524,28.4849,1
80.7195,28.9677,1
82.766,27.7972,1
81.5245,28.5367,1
81.8047,28.2745,0
81.3246,28.6216,1
82.4806,28.2358,0
81.8921,28.5801,0
84.9267,28.3668,0
84.4432,27.547,0
81.4146,28.3896,0
84.7946,27.3425,1
84.4596,27.5501,1
81.7006,28.4784,0
81.7742,28.4321,1
81.7944,28.2364,0
81.5381,28.3183,0
81.2834,28.7972,0
80.5637,29.0972,1
81.6734,28.4847,0
82.8548,27.8322,0
81.5416,28.3524,0
81.0627,28.9149,0
87.7648,27.4686,0
81.461,28.7282,1
83.3937,27.7258,0
81.655,28.4674,0
86.5769,26.839,1
82.0081,27.9901,1
81.2946,28.5389,1
81.5155,28.4968,1
82.9215,28.1464,1
82.111,28.0415,0
81.28,28.566,1
86.0845,27.2591,0
80.9843,28.8757,1
80.4198,29.2711,0
81.5416,28.3524,0
84.9094,27.3111,1
81.9483,28.1249,0
81.2907,28.5943,0
87.6097,27.1318,1
80.4472,28.9951,0
82.3226,27.8563,1
86.0845,27.2591,0
81.3656,28.586,0
82.9019,27.8292,0
81.4335,28.4248,0
81.5127,28.3091,0
85.7275,27.0397,1
82.0704,28.416,0
83.9475,27.4914,0
85.5723,27.304,0
83.0876,27.6691,0
83.6172,27.6758,1
80.6423,29.0064,0
81.9935,28.6535,1
83.7504,27.8036,0
80.7849,28.8147,0
81.1941,28.9922,1
82.8231,27.9562,0
80.3224,28.8158,1
82.3322,28.7984,0
81.284,28.578,1
80.8601,29.0369,0
81.6618,28.4944,0
81.5016,28.5059,1
85.0577,27.2132,1
87.8411,27.53,0
80.58,28.8579,0
82.9157,28.009,0
82.9891,28.1051,1
83.9045,27.6218,0
82.0956,28.3548,0
81.3332,28.502,1
80.8614,28.7055,1
82.5284,27.9167,0
82.2139,27.9537,0
87.2643,26.7762,0
81.6902,28.2956,0
87.9641,26.4816,0
82.6424,28.0134,1
80.7461,28.9717,0
81.8254,28.1335,0
80.5534,28.9417,0
81.5861,28.4564,0
82.0831,28.4253,0
80.5677,28.8925,0
80.8377,28.8015,0
81.6181,28.3583,0
80.7373,29.3547,0
81.3023,28.707,0
81.3437,28.5556,0
80.4883,28.7485,0
82.0192,27.9657,0
83.1187,27.8468,1
81.443,28.7701,1
81.9849,28.0606,1
84.1528,27.737,0
81.4917,28.4168,0
81.6018,28.3774,0
80.6181,28.9117,0
81.472,28.7297,0
83.5038,27.6476,0
81.463,28.7339,1
82.0896,28.0723,0
81.0824,28.9054,0
81.9802,27.9604,0
80.5612,29.3677,0
85.7739,27.0172,0
84.9922,27.187,0
81.8885,28.1879,0
82.2539,28.2638,0
81.277,28.5633,0
80.7365,29.0923,0
82.3774,27.7933,0
81.411,28.9643,1
81.836,28.6987,1
81.9438,28.2669,0
81.932,28.5021,1
80.4411,28.7321,0
87.0463,26.841,1
81.5728,28.3373,0
83.0317,27.6223,0
81.4634,28.6048,0
81.2716,28.5802,0
80.7101,28.6926,1
81.3097,29.664,0
82.054,28.258,0
84.8317,27.9784,1
81.6777,28.2941,1
80.8594,28.5736,0
80.372,29.1035,1
81.0089,28.9011,0
82.1804,28.0141,0
81.5192,28.4098,0
84.5371,27.4028,1
81.62,28.436,1
82.8064,27.8891,0
81.3073,28.5832,1
82.084,28.3624,0
85.9429,27.1009,0
84.8002,27.2856,0
82.6325,28.0119,0
83.1813,28.0174,1
81.1126,28.8596,0
80.6798,28.909,0
82.8897,28.0605,1
86.1871,26.9618,0
80.2727,29.1291,0
82.2184,28.2756,0
81.475,28.3854,0
81.6533,28.3937,0
81.9428,28.1415,1
81.588,28.446,1
81.692,28.3094,0
85.1089,27.1094,0
81.8564,28.2129,1
81.5607,28.3283,0
81.8066,28.2378,0
82.25,28.3594,1
81.4123,28.5017,0
80.2402,28.8416,0
84.8964,27.3509,0
81.9166,28.0923,0
80.8489,28.5722,0
83.235,27.6806,0
80.5032,29.0477,0
81.9588,28.0991,1
81.4893,28.6955,0
80.321,28.838,0
80.1499,28.8725,0
81.9483,28.1249,0
81.9409,28.0964,0
87.4677,26.9325,1
86.6287,26.6939,1
82.0641,28.437,1
84.0742,27.5165,0
80.2686,29.0672,0
80.3685,29.4467,1
87.7648,27.4686,1
82.6034,27.9358,0
87.7017,27.4238,0
82.2791,28.3832,0
84.4899,28.3495,0
81.8494,28.6292,0
81.3634,28.508,1
84.8042,27.326,0
82.0078,28.1588,0
82.2291,27.994,1
80.8762,28.5315,1
81.53,28.3526,0
80.614,29.1087,1
81.215,28.6082,0
86.1471,27.3306,0
81.9266,27.9073,1
80.1517,28.8635,0
80.6227,28.9373,0
82.1564,28.017,0
80.8452,28.5704,1
81.8534,28.2796,0
80.6214,29.4855,1
82.2979,28.33,0
80.48,28.989,0
81.8281,28.3321,0
80.6155,29.0316,1
82.9891,28.1051,0
80.4155,29.0094,1
82.2086,27.9007,0
81.3461,28.5665,0
85.7724,27.1559,0
81.9373,28.1262,1
82.5808,27.8903,1
81.6777,28.2941,0
80.7225,29.0513,0
80.3304,28.9743,0
84.3928,27.5603,0
82.0849,28.4418,0
85.7256,27.0236,0
81.3597,28.5017,0
80.3133,29.1054,1
81.3712,28.5704,1
81.903,28.1596,0
81.7351,28.2601,0
80.4155,29.0094,0
82.2139,27.9537,0
81.0718,28.8909,1
86.7153,26.6821,0
81.8885,28.1879,0
81.2117,28.8305,0
81.5924,28.3954,0
81.3962,28.3606,1
82.1953,28.3157,0
82.8076,27.8389,0
81.2042,28.7409,0
82.1052,28.0666,0
81.8761,28.1526,0
80.3713,28.9938,1
81.5608,28.2417,0
81.2901,28.6138,0
81.9132,28.158,0
81.4006,28.4325,0
81.5422,28.316,0
82.7565,27.8699,0
83.61,27.6807,0
83.6009,28.4547,1
82.7183,27.6855,0
84.4761,27.5546,1
82.0949,28.4944,0
81.917,28.0977,0
86.5552,26.9125,1
82.8571,27.7452,0
82.1603,28.5429,1
80.6769,28.8452,1
81.4904,28.3249,0
81.4474,28.6096,0
84.2087,27.5417,1
80.5324,29.0454,1
81.3573,28.7859,0
84.7652,27.3426,0
83.9914,27.6,1
81.5105,28.6906,1
81.9428,28.1415,0
81.307,28.6794,0
81.9292,28.1346,0
81.8059,28.0322,1
81.8231,28.3696,0
81.5155,28.4968,0
81.5563,28.3228,0
80.6422,29.4015,0
81.4835,28.6978,0
84.4762,27.5614,0
80.4033,28.7867,0
86.8191,26.681,0
81.3597,28.5017,0
82.4284,27.8105,0
82.6133,27.7151,1
80.3859,29.0169,0
80.7375,28.9827,1
82.8177,28.093,0
80.3815,28.993,0
81.8175,28.2281,1
85.8338,27.0207,0
84.9332,27.2488,0
82.4804,27.7904,0
81.3177,28.5712,0
80.75,29.3356,1
82.4951,27.8096,0
82.7636,27.7208,0
80.8535,28.8578,0
80.4299,28.7168,0
84.3866,27.5542,0
80.1897,28.8245,0
80.8202,29.3236,1
80.1855,28.8431,1
81.8998,28.2058,0
82.3256,27.9586,0
80.4957,28.961,1
80.2059,28.8648,0
80.39,29.0963,1
81.208,28.9848,0
84.8079,27.2604,0
82.6739,27.7331,0
84.398,27.548,0
82.4191,27.8104,1
80.3921,28.8483,0
80.4091,29.0176,1
87.1994,27.2206,0
80.4147,29.0162,0
81.6972,28.284,0
80.4739,28.9942,0
85.9378,27.1285,0
82.1117,28.0243,0
81.9872,28.0709,1
84.0822,27.5128,0
81.9027,28.1332,0
81.5264,28.6736,0
80.4242,29.0971,0
82.5843,27.7616,1
81.6767,28.3267,0
81.8063,28.6528,1
80.4602,28.7728,1
81.897,28.129,0
81.4943,28.3168,0
82.7702,27.9084,0
82.5591,28.0058,1
84.7979,27.3419,1
82.2291,27.994,0
80.7429,29.0688,0
81.9511,28.2168,1
82.1757,27.9302,0
81.4797,28.6322,0
82.0738,28.361,1
84.9652,27.2199,0
86.7411,26.6981,0
80.6047,29.0809,1
80.4975,29.1484,0
80.5955,28.9507,0
81.5507,28.2403,0
80.9581,28.5153,1
81.409,28.4598,0
81.7027,28.3127,0
80.3879,29.1089,0
82.7464,27.8977,0
85.5723,27.304,1
81.3454,28.5151,0
82.8571,27.7452,0
80.8912,28.6142,0
84.0478,27.5303,1
80.8988,29.1471,1
80.4484,28.7469,0
84.6638,27.5374,1
80.4398,29.1085,1
81.472,28.7297,0
81.8144,28.1889,0
82.9444,27.6577,1
81.5861,28.4564,0
81.9297,27.9811,1
81.437,28.2395,0
80.6207,29.0756,0
81.4401,28.5078,0
82.0919,28.4721,0
80.9909,28.93,0
81.524,28.3679,0
82.1808,27.9215,0
81.9667,28.2635,0
80.9968,28.8918,1
87.2643,26.7762,0
81.6805,28.3849,0
80.8831,28.5489,1
81.2786,28.5924,0
81.6674,28.3171,1
82.8076,27.8389,0
81.9682,28.1853,1
84.7039,27.8323,0
85.2663,27.177,1
81.3091,28.5415,1
80.6294,29.1371,0
83.0885,27.7223,0
80.1411,28.8967,0
81.8651,28.1822,0
82.0001,28.0724,0
82.2909,27.8419,0
84.4465,27.5559,0
86.6819,26.7478,0
84.83,27.3112,0
81.6337,28.3715,0
82.2955,28.2973,0
80.7284,28.9995,0
80.3384,29.2278,1
84.8964,27.3509,0
86.9684,26.769,1
80.4495,29.1902,0
80.637,28.8982,0
80.6318,29.125,0
82.9516,27.7432,0
81.7006,28.4784,1
82.7511,27.7761,1
81.6767,28.3267,0
82.2032,28.6094,0
81.9763,28.2934,0
81.313,28.5971,0
80.6432,29.116,0
84.7858,27.2696,1
81.3609,28.3796,1
82.8155,28.101,0
85.1279,27.9166,0
81.838,28.2825,1
81.4133,28.5496,0
81.2986,28.7415,1
82.2618,28.2596,0
82.734,27.6943,0
84.156,27.7409,1
82.515,27.9437,0
81.9171,28.1246,0
82.2047,28.305,1
80.6475,28.6865,1
81.5815,28.3488,0
81.0155,28.789,0
80.7155,28.6562,0
85.0751,27.2504,1
80.4198,29.2711,0
81.2226,28.8319,0
81.5203,28.4939,0
81.3609,28.3796,0
82.0683,28.1876,1
80.7796,29.3127,0
80.2929,29.1042,0
84.7884,27.2836,1
80.417,29.0172,0
80.4529,29.1976,0
82.0115,28.3809,0
80.4541,29.3102,0
81.6734,28.4847,0
82.1727,27.9179,1
82.0207,28.2023,0
82.3608,27.7834,0
81.5242,28.469,1
82.8296,27.8102,0
82.2759,28.7315,0
81.4487,28.375,1
81.7956,28.4991,0
83.0943,27.721,0
80.4406,28.8021,0
81.586,29.3264,0
82.1701,27.8923,0
81.0095,28.8716,1
80.8271,28.9512,1
80.5138,29.0324,0
81.7616,28.2905,1
84.7114,27.5225,1
81.5245,28.5367,0
82.2759,28.7315,0
81.928,28.165,0
83.6639,28.5189,1
83.0217,27.6208,1
80.1499,28.8725,0
85.8434,27.0159,1
81.3266,29.1925,0
82.8736,27.7479,1
82.0024,28.0851,0
81.8269,28.4011,0
82.9132,27.9179,0
80.8465,29.3843,0
85.3082,27.1736,1
83.1187,27.8468,0
80.9851,28.9029,1
81.8555,28.1618,0
81.6524,28.588,0
81.2735,28.5284,0
80.6111,28.9498,1
80.58,28.8579,0
83.1832,27.7382,1
80.6915,29.0498,0
85.7126,27.6137,1
81.5457,28.4087,0
81.5093,28.2914,1
82.3608,27.7834,0
81.5644,28.4746,1
82.1201,28.324,0
80.6389,29.4298,0
82.2076,28.0105,0
80.5591,28.9076,1
84.9801,27.1722,0
81.7032,28.4687,1
82.4294,27.8118,0
80.8163,28.94,1
85.078,27.2297,0
84.893,27.2998,0
81.076,28.4376,0
84.1375,27.5339,0
81.7261,28.2422,0
81.5109,28.3981,0
80.3781,29.0132,0
85.9286,27.047,0
80.513,28.9597,0
84.0058,27.5222,0
80.4489,28.8083,1
81.6814,28.3088,1
80.9826,28.8872,0
82.8571,27.7767,0
81.5412,28.3892,0
81.7212,28.2968,1
82.277,27.8586,1
81.3584,28.4627,0
85.9286,27.047,1
82.9847,28.0756,0
81.4238,28.4716,0
81.7688,28.2637,0
81.4404,28.3927,0
81.8178,28.3594,0
81.1632,28.8671,1
87.1608,27.2716,1
81.6663,28.3251,0
80.3105,28.7768,1
82.4336,27.9259,0
80.8331,28.9637,1
84.3138,28.166,0
83.0217,27.6208,0
81.9386,28.1341,0
80.2513,29.0111,0
82.1164,28.0428,0
81.3584,28.4627,1
82.7322,27.8988,0
84.893,27.2998,1
81.5019,28.4362,1
81.463,28.7339,0
83.8238,27.6136,0
84.7979,27.3419,0
80.7134,28.6455,0
81.3438,28.46,0
81.6674,28.3171,0
82.8575,27.941,0
80.4089,29.1087,1
83.5259,27.6504,0
80.4038,29.2107,0
84.5459,27.4136,0
80.8286,28.941,0
80.4002,29.0597,0
85.3033,27.1195,1
81.1771,29.1101,0
80.6213,28.9484,1
81.5457,28.4569,0
81.7742,28.4321,0
80.7847,29.3163,0
87.4803,26.6693,0
81.4552,28.3719,0
81.4877,28.6948,0
87.6906,26.7129,1
81.2466,28.8533,1
82.1838,27.9319,0
81.9387,28.1066,0
80.2019,28.805,0
83.5149,27.649,0
80.752,29.0034,0
80.1753,28.8417,0
84.1528,27.737,1
81.4551,28.8803,0
84.4993,27.5307,0
81.5342,28.4704,1
82.4722,27.8074,0
81.5969,28.3175,0
81.2165,29.1347,0
80.4315,28.7261,0
83.9997,27.5275,0
84.4567,27.5302,0
81.0718,28.8909,0
81.3453,28.4755,0
81.3206,28.5529,1
82.2061,28.3141,0
83.5452,27.6498,0
82.7963,27.8906,0
82.1201,28.324,1
81.7944,28.2364,1
80.4717,28.7142,0
81.9702,28.3008,0
80.5576,28.891,0
81.6414,28.367,1
80.4373,28.769,1
81.1269,29.1414,0
81.5432,28.3801,0
84.3866,27.5542,0
81.4337,28.3782,0
81.4395,28.5299,0
81.579,28.3709,0
80.7707,28.9539,0
81.928,28.165,1
84.6187,28.1235,0
81.2786,28.5924,0
81.969,28.1288,0
81.4957,28.3495,1
81.9286,28.1154,0
85.1606,27.5204,0
81.4449,28.8864,1
80.4663,28.7425,0
82.2139,27.9537,0
86.794,26.6554,0
80.3133,29.1054,1
81.8876,28.1196,0
81.5325,28.4793,0
81.6696,28.3343,0
82.9167,27.9281,1
84.9801,27.1722,0
81.736,28.4203,0
83.0409,27.9792,0
81.3373,28.8892,0
81.4894,28.4628,0
80.353,29.12,0
86.7787,26.7348,0
80.5315,29.1372,1
80.8711,29.0039,0
80.6207,29.0756,0
81.2858,28.5609,0
86.0324,27.0151,0
84.7027,27.2992,0
81.3177,28.5712,1
81.8138,28.3304,1
81.5568,28.5941,1
80.2114,28.8979,0
82.0303,28.566,0
80.1753,28.8417,1
80.5534,28.9417,0
82.5343,29.0714,0
83.9099,27.51,1
81.8159,28.2474,0
80.637,28.8982,0
80.8628,28.8503,0
85.019,27.1566,1
82.3381,27.8114,1
84.7323,27.2346,0
84.5042,27.5312,0
81.4669,28.7588,1
81.4521,28.626,0
82.9847,28.0756,0
81.4038,28.4409,1
82.3985,27.937,0
84.8239,27.3312,0
81.4669,28.4721,1
81.588,28.446,0
82.1626,27.9038,0
82.5324,27.9349,0
81.0503,28.9402,0
80.7009,28.6729,1
81.6219,28.3839,1
80.1807,28.9207,1
82.0866,28.1943,1
85.0247,27.1728,0
81.4215,28.2039,1
80.7284,28.9995,0
82.0562,28.4289,1
81.411,28.9643,0
84.4828,27.5056,0
84.4658,27.5948,0
81.4962,28.4709,0
80.4819,29.1969,1
80.4035,29.0168,1
84.8847,27.3149,0
81.6665,28.533,1
81.83,28.1467,1
82.0454,28.5648,0
82.0926,28.1591,1
82.5749,27.8957,0
86.0278,27.0469,0
82.2829,28.3799,0
85.2926,27.1293,0
82.1551,28.5305,1
84.9442,27.2603,0
80.829,28.6253,1
80.9954,29.02,0
83.0943,27.721,0
80.2857,29.1058,0
85.0268,27.8535,0
84.3992,27.552,0
81.7009,28.3391,0
82.1835,28.7033,0
80.3053,28.7991,0
80.5188,28.9436,1
83.1836,28.0217,0
81.8422,28.1582,0
81.6734,28.4847,0
86.7931,26.7477,0
80.1938,28.8966,0
84.0018,27.6013,0
81.3548,28.4782,1
80.3609,29.017,0
81.2096,28.9985,1
86.4533,27.2634,0
83.9858,27.5251,0
80.4282,29.1105,1
80.5534,28.9417,1
81.5054,28.4074,0
80.6301,29.1238,1
82.1838,27.9319,0
80.4472,28.9951,0
81.4747,28.3953,0
82.7325,28.0705,0
82.879,28.0589,1
80.3711,29.1097,0
80.4089,29.1087,1
84.6791,28.0392,1
82.3161,28.322,0
81.3906,28.4143,1
81.6422,28.418,0
81.3453,28.4755,0
80.4648,28.7527,1
80.4491,28.7627,0
80.5371,29.1754,1
81.1656,28.8052,0
82.1076,28.506,0
81.8903,28.1697,0
85.9112,27.0959,0
81.7215,28.3201,0
81.3263,28.566,1
82.5881,28.7058,1
81.4617,28.6163,1
81.5153,28.4662,0
81.6597,28.3767,0
81.4983,28.6321,1
82.5325,27.9624,0
81.5728,28.3373,1
80.5295,28.9427,0
81.5761,28.4446,1
80.3874,29.161,0
81.8986,28.5322,0
81.9438,28.2669,0
83.1836,28.0217,0
82.0479,28.0569,0
81.509,28.6605,0
86.6829,27.3602,0
81.9987,28.0581,1
81.8365,28.1403,0
80.8465,29.3083,0
81.5761,28.4446,0
80.5348,29.46,0
82.1544,28.3458,1
81.4552,28.3719,0
81.4747,28.3953,0
81.8945,28.526,1
81.8059,28.0322,0
80.3686,29.1153,0
86.4085,26.9253,0
81.4562,28.89,1
85.284,27.1881,0
82.0479,28.0569,0
82.1354,28.3511,0
81.4917,28.4168,1
81.474,28.3685,0
81.5243,28.4657,1
86.0288,27.0309,1
85.3129,27.1468,0
81.2819,28.5682,0
81.8638,28.36,1
85.3135,27.1176,1
82.5749,27.8957,1
80.3901,29.0967,0
82.857,27.9246,0
81.3987,28.5183,1
81.3,28.6396,1
85.9112,27.0959,1
80.711,28.6744,0
80.8525,28.7895,0
85.2826,27.1647,1
80.6819,29.0666,0
80.3413,28.804,1
81.9292,28.1346,1
86.7411,26.6981,0
82.5021,27.9005,0
81.38,28.6324,1
82.1688,28.5842,0
81.8066,28.2378,0
81.1632,28.8671,0
84.2221,27.5411,0
81.3206,28.5529,1
80.1737,28.8507,0
80.9692,28.9848,0
82.0224,28.1929,0
81.3437,28.5566,0
81.6905,28.3963,0
80.321,28.838,0
81.9213,28.333,0
81.3023,28.707,0
81.4769,28.4855,0
82.0949,28.4944,0
81.9327,28.2651,1
81.1202,28.8546,0
81.2884,28.5502,1
80.2886,29.0216,0
84.8318,27.3403,0
82.4946,27.9434,1
85.1878,27.7838,0
81.3597,28.5017,1
83.9193,27.5739,0
82.5432,27.9641,0
81.7666,28.5113,0
81.1959,28.6641,0
82.7226,27.8768,0
82.252,28.6625,0
81.7125,28.2751,0
80.9705,28.9756,1
80.2659,29.0254,0
81.9605,27.9926,0
81.7788,28.435,0
87.1734,27.1658,1
80.2659,29.0679,1
81.2683,28.7932,1
81.5264,28.6736,0
81.5282,28.4701,1
80.4484,28.7469,1
81.38,28.6324,1
81.6196,28.4276,1
84.4993,27.5307,0
85.7051,27.0377,0
82.1747,27.9227,1
80.8671,28.6448,0
84.1488,27.555,0
81.3461,28.5665,0
83.4833,27.7159,0
81.3944,28.7258,1
82.1298,28.352,0
80.2294,28.8222,0
82.1092,28.4487,1
86.1062,27.2299,0
81.9686,28.0532,0
80.3697,29.0994,1
80.64,28.9969,1
85.2578,27.1667,0
81.9695,28.2265,1
81.3206,28.5529,0
82.5432,27.9641,0
86.8681,26.807,0
81.655,28.4674,0
86.9635,26.7598,0
80.3686,29.1153,0
82.1126,28.0779,0
81.4816,28.5089,1
81.3559,28.5342,0
81.3345,28.4958,0
81.4705,28.9888,1
81.8693,28.2523,0
84.7782,28.2818,1
81.3471,28.5843,1
80.3879,29.1089,0
82.2759,28.7315,0
85.9545,26.9817,0
81.1221,28.7008,0
81.1592,28.9175,0
82.5325,27.9624,0
80.992,28.8373,0
81.9339,28.4931,0
84.4225,27.5537,0
81.7009,28.3391,0
81.8187,28.0278,0
80.7591,28.9981,1
82.0592,28.4382,0
81.8732,28.3582,0
81.8146,28.522,0
80.7278,28.674,0
87.6097,27.1318,0
81.8638,28.36,0
84.5459,27.4136,1
81.4851,28.5055,0
85.9378,27.1285,0
80.1619,28.911,0
84.9,27.2397,0
80.3224,28.8158,0
82.1218,28.0229,1
81.2987,28.6118,1
82.8064,27.8891,0
80.4883,28.7485,0
83.2205,27.7432,0
84.9208,27.2619,1
81.6727,28.4958,0
80.4819,29.1969,0
85.6574,27.25,1
80.8551,28.6629,0
81.6727,28.4958,0
81.5066,28.6781,0
81.4562,28.89,0
81.093,28.8558,1
81.6767,28.3267,0
80.8619,28.6444,0
82.1877,27.9388,0
86.6312,26.7455,1
83.906,27.5801,0
81.2667,28.5231,1
84.0486,27.5403,0
87.0361,26.8395,0
81.4675,28.8885,0
82.7565,27.8699,0
80.7039,28.9078,1
81.5701,28.5735,0
80.7155,28.6562,1
81.8584,28.3394,0
82.1576,27.8937,0
82.9123,27.8305,0
80.4224,28.7538,0
81.0885,28.847,0
82.0632,28.4821,0
80.312,29.0667,1
81.2721,28.85,1
80.8331,28.9637,0
85.3075,27.0913,1
82.2397,27.9135,0
81.4924,28.7306,1
81.8638,28.36,0
80.5121,28.9863,0
84.9094,27.2641,1
84.4658,27.5948,0
81.7009,28.3391,0
81.6181,28.3583,0
81.2612,28.5003,0
82.1747,27.9227,0
81.5568,28.5941,0
85.3145,27.1106,0
81.4781,28.3493,0
80.5637,29.0972,0
81.8742,28.1432,1
81.9667,28.2635,0
85.0577,27.2132,1
83.6653,27.6298,0
81.5339,28.3555,1
81.859,28.3596,0
82.2947,28.4001,1
86.0845,27.2591,0
81.9903,28.1794,0
81.2423,28.8539,1
81.5153,28.4662,0
81.7351,28.2601,0
82.718,27.7392,0
81.502,28.4696,0
82.3415,27.7722,0
83.936,27.5325,0
81.8866,28.1415,0
81.4253,28.4313,0
82.3355,27.8488,1
82.2382,28.4434,0
81.5206,28.48,1
81.3021,28.5334,1
83.9838,27.6245,0
80.7864,29.3074,0
81.7054,28.5259,0
82.1954,27.9318,0
82.1004,28.5039,0
87.5131,26.7267,0
82.4562,27.7954,0
81.1572,28.9295,1
82.2053,28.5946,0
84.1201,28.0651,1
81.7213,28.2999,0
81.875,28.413,0
81.364,28.7214,0
80.6857,29.4494,0
82.2059,28.2637,1
83.1836,28.0217,0
81.1635,29.1607,0
80.4282,29.1105,0
82.9091,28.0549,0
80.4541,29.3102,1
80.4141,29.1101,1
80.4315,28.7261,0
82.1814,28.0184,0
81.8555,28.1618,1
85.1102,27.1074,1
81.9588,28.0991,0
85.284,27.1881,1
81.7327,28.8059,0
81.6902,28.2956,1
81.3613,28.4627,0
80.8806,28.6277,1
85.9984,27.3575,1
80.7224,28.8257,1
82.4263,27.9417,0
81.5358,28.7005,0
82.568,27.8894,0
80.5032,29.0477,1
84.9046,27.2923,0
81.9209,27.9086,0
80.4913,29.1952,0
84.9933,27.2553,1
80.449,28.823,1
82.1612,28.4376,1
82.1091,28.3223,0
80.8534,28.9249,0
84.6187,28.1235,0
81.6902,28.2956,0
80.3401,28.7432,0
81.5308,28.4882,0
81.1592,28.9175,1
82.8548,27.8322,0
82.2407,28.3485,0
80.7284,28.9995,0
86.5969,26.8979,0
82.8737,27.9249,1
81.3764,28.7259,0
83.8367,27.5092,0
81.4687,28.9978,1
81.1623,29.0841,1
81.835,28.1497,1
85.2843,27.1803,1
80.5119,29.0477,1
81.4345,28.8914,1
81.3609,28.3796,0
86.0762,27.2524,0
82.8205,28.0045,0
80.2191,28.8327,0
81.7006,28.4784,0
82.6034,27.9358,0
81.6006,28.9098,0
82.1516,27.9344,1
82.8548,27.8322,0
86.1062,27.2299,1
80.7329,29.0702,0
81.0718,28.8909,0
81.8534,28.2796,0
80.1453,28.8541,0
87.0138,27.5522,0
81.28,28.566,0
81.0218,29.1394,1
81.4586,28.3872,0
81.6423,28.5402,1
82.4219,27.8075,1
83.9099,27.51,0
81.6921,28.2993,0
81.1681,28.9993,0
84.7027,27.2992,1
81.7673,28.2306,0
80.2141,29.1073,1
80.5517,28.9047,0
82.0849,28.4418,1
80.8576,28.6885,0
81.4747,28.3953,0
81.3548,28.4782,0
81.8189,28.1565,0
84.1154,27.5402,1
81.3437,28.5566,0
81.474,28.3685,0
81.8732,28.3611,1
81.5022,28.4917,1
81.3946,28.4495,0
80.5822,28.7254,1
81.5563,28.3228,0
84.037,27.5078,0
81.461,28.7282,0
81.84,28.114,1
82.4177,27.9662,0
81.3204,28.7531,0
84.4762,27.5614,0
80.7796,29.3127,0
82.1838,27.9319,0
80.5952,28.937,1
81.4385,28.4564,0
82.1689,28.0119,0
80.6887,29.056,0
85.3083,27.077,1
81.6663,28.3251,0
81.9802,27.9604,0
82.7838,27.9776,0
82.5866,28.7171,0
80.1499,28.8725,0
80.4789,29.0213,1
82.7988,28.0981,1
81.3036,28.7873,0
82.8853,28.0668,0
80.1753,28.8417,0
86.6413,27.234,1
81.2834,28.7972,1
81.7833,28.2225,0
81.2051,28.6013,0
84.825,27.2536,0
80.9826,28.8872,0
81.9802,27.9604,0
82.0698,28.4371,0
81.0645,28.9062,1
82.001,28.0928,0
82.1126,28.0779,1
81.3118,28.825,1
80.1677,28.8839,0
84.859,27.2782,0
80.5044,28.7182,1
81.4416,28.8957,0
85.3006,27.1256,0
86.8115,26.744,0
82.4927,28.2499,0
82.1674,27.9531,0
81.1974,28.9743,0
80.3879,29.1089,1
81.9458,28.179,0
81.2423,28.8539,0
81.5432,28.3801,0
81.3906,28.4143,0
81.475,28.3854,0
80.6955,29.0682,0
85.0247,27.1728,1
85.731,27.0217,0
81.5761,28.4446,0
82.3381,27.8114,0
81.9481,27.919,0
80.58,28.8579,0
86.8191,26.681,0
84.5191,27.5328,0
87.7648,27.4686,0
85.6893,27.0334,0
86.0189,27.0422,0
81.53,28.3177,0
81.8723,28.1337,1
81.2706,28.527,0
81.5136,28.4758,0
87.9636,26.4961,1
80.61,29.0898,0
80.5661,28.9566,1
81.6905,28.3963,0
81.9655,28.2674,0
81.208,28.9848,1
80.6301,29.1238,0
85.6657,27.0719,0
81.8753,28.2259,0
82.734,27.6943,0
84.7039,27.8323,1
80.2004,29.0586,0
81.4687,28.9978,0
81.4727,28.8807,0
82.5406,27.9017,0
80.4732,29.1873,0
81.2776,28.5389,0
81.9759,28.1054,0
81.0007,28.9412,0
83.9045,27.6218,1
80.6887,29.056,1
81.1858,29.0015,0
80.1721,28.8596,0
81.7093,28.2948,0
80.3762,29.0233,0
87.8411,27.53,0
81.8138,28.3304,0
82.2035,28.6035,1
82.4867,28.2402,0
81.5061,28.4686,0
80.7767,28.6399,0
81.2907,28.5943,0
81.5363,28.3605,1
81.093,28.8558,0
82.5389,27.9374,0
82.6581,28.3111,0
82.6858,27.7255,1
81.5392,28.4691,0
84.0486,27.5403,0
80.5248,29.0499,0
81.4338,28.8918,0
81.9702,28.3008,0
85.635,27.3076,1
82.2909,27.8419,1
82.1953,28.3157,0
82.0672,28.5397,0
81.6777,28.2968,0
81.2684,28.8563,1
81.3437,28.5556,1
82.7302,27.6832,1
80.5038,29.0235,0
82.1689,28.0119,1
81.4743,28.521,1
81.2715,28.5231,0
82.5174,27.9333,1
81.9481,27.919,0
81.7944,28.2364,0
82.2329,27.9731,1
80.3013,29.1129,0
85.1486,27.1532,0
87.4803,26.6693,1
81.4523,28.32,1
81.5457,28.4087,0
83.1891,27.7364,0
82.1612,28.4376,0
80.402,29.0893,1
82.1155,28.5083,1
80.1658,28.8502,1
80.9898,28.9031,0
85.2826,27.1647,0
80.2141,29.1073,0
81.7458,28.2557,1
80.6219,29.0616,0
85.8433,27.2288,0
80.6915,29.0498,1
82.9222,28.0039,0
82.0704,28.416,0
82.5843,27.7616,0
82.2407,28.3485,0
81.9481,28.3271,1
80.7818,28.6337,0
82.685,27.9205,1
87.7839,27.3934,1
81.7702,28.4453,1
80.3832,29.0019,0
81.8086,28.6436,0
80.6393,28.9917,0
81.7771,28.253,0
81.6196,28.4276,0
80.1852,28.8986,1
85.7724,27.1559,1
81.4877,28.6948,1
82.5432,27.9641,0
81.2522,28.505,0
82.0111,28.0722,0
81.4539,28.4161,1
81.2035,28.8862,0
80.4602,29.1919,0
81.1771,29.1101,1
81.1202,28.8546,0
80.8495,28.6367,1
80.9705,28.9756,0
81.7688,28.2637,1
81.1269,29.1414,0
82.2397,27.9135,0
81.0703,28.9604,0
81.8723,28.1337,0
81.5139,28.4831,1
84.2805,27.7073,0
80.6467,28.6833,0
82.0916,28.069,0
82.319,27.9627,1
82.1126,28.0779,0
81.3548,28.4782,0
81.9931,28.2176,0
82.6394,27.9252,0
80.3552,29.1969,1
80.6565,28.9789,0
81.9736,28.0734,0
80.2701,29.0188,0
80.7163,29.0361,0
80.8231,28.5775,1
85.7048,27.0305,0
81.4443,28.4204,0
80.5455,28.9536,0
86.6837,26.7619,0
87.7017,27.4238,0
81.3551,28.6915,1
81.7545,29.7245,0
82.8729,28.0129,0
81.9387,28.1066,0
82.2397,27.9135,0
81.7666,28.5113,0
80.513,28.9597,1
83.0885,27.7223,1
80.4003,29.0103,0
80.3697,29.0994,0
81.9702,28.3008,0
82.2076,28.0105,1
82.5924,27.7615,0
84.5042,27.5312,0
80.4281,29.0157,0
81.5427,28.4776,0
81.3874,28.7717,0
80.4052,29.0079,0
86.8051,27.008,1
80.4969,29.1811,0
81.076,28.4376,0
83.4833,27.7159,0
80.3,29.229,0
81.9374,28.1142,1
81.9458,28.179,0
81.3135,28.8161,0
80.1411,28.8967,1
80.4052,29.0079,0
84.5371,27.4028,0
81.0155,28.789,1
82.4867,28.2402,0
81.6801,28.3359,1
81.2673,28.5022,0
80.8634,28.6298,0
82.2978,28.3003,0
82.4946,27.9434,0
83.0292,27.9778,0
83.1475,28.1447,1
80.4663,28.7425,0
82.8999,28.0058,0
83.0643,27.6547,0
80.1782,29.0571,0
81.9235,28.1971,1
82.1001,28.0329,0
81.3962,28.3606,1
81.9056,28.1382,0
81.0873,28.9188,0
85.7592,27.7043,0
80.7864,29.3074,0
81.6067,28.3757,0
80.3823,29.1021,0
81.969,28.1288,0
81.9483,28.1249,1
81.3512,28.5261,1
80.4224,28.7538,0
80.4426,28.7717,0
82.6394,27.9252,0
80.8708,28.7687,1
82.7817,27.7758,0
81.2776,28.5389,0
80.2701,29.0188,0
84.7884,27.2836,1
81.6988,28.3206,1
80.5743,29.0281,1
83.235,27.6806,0
80.4198,29.2711,0
81.4681,28.7267,0
81.359,28.3169,0
82.1263,28.2239,0
80.833,28.7988,0
81.4446,28.4569,1
81.1253,28.7097,1
81.6294,29.1643,0
81.5674,28.6177,1
81.2813,28.5792,0
81.8189,28.1565,0
82.8729,28.0129,0
81.6958,28.432,1
82.4227,27.9495,0
84.5021,27.5398,0
82.1625,28.4285,0
80.3326,28.8144,0
81.8365,28.1403,1
80.7591,28.9981,0
84.7323,27.2346,0
81.3673,28.5988,0
81.9354,28.0899,1
84.8601,27.227,1
84.0018,27.6013,0
81.8136,28.3541,1
81.9166,28.0923,0
81.736,28.4203,0
81.0706,29.0167,1
82.0836,28.0917,1
82.0592,28.4382,0
81.5449,28.6201,1
81.53,28.3177,0
83.1412,28.3162,0
81.53,28.3177,1
80.6196,29.1365,0
80.4913,29.1952,1
80.5714,29.3736,0
82.8231,27.9562,1
85.5132,27.0177,0
82.0024,28.0851,1
81.3116,28.586,0
82.7358,27.7298,0
81.4985,28.51,1
80.3686,29.1153,0
81.524,28.3679,0
86.0216,27.6378,1
81.9386,28.1341,1
82.121,28.6066,1
82.1076,28.506,0
81.6665,28.533,0
81.512,28.3728,0
80.3987,29.1072,0
82.0956,28.3548,0
81.9286,28.1154,1
80.8163,28.94,0
85.215,27.5207,0
81.4877,28.4473,0
80.833,29.3258,0
82.1918,28.3356,0
84.2224,27.5256,0
84.8014,27.2726,0
81.3944,28.7258,0
81.4345,28.8914,0
82.084,28.3624,1
80.8479,28.785,0
81.5523,28.3099,1
81.1708,28.8718,1
82.0896,28.2403,0
81.292,28.7018,1
80.1677,28.8839,0
81.546,28.7129,1
80.7989,28.7056,1
80.676,28.8508,1
81.5109,28.3981,0
80.443,28.9508,0
82.2759,28.7315,0
81.6375,28.3703,1
81.2907,28.5943,0
80.8597,28.7144,0
81.8808,28.1885,0
82.8193,27.8088,0
81.4511,28.4213,0
81.6905,28.3963,1
81.9655,28.2674,0
80.4239,28.8053,0
80.4584,29.0788,1
87.6098,27.5177,1
81.9424,28.683,0
81.1873,28.9729,0
84.303,27.9239,0
81.6778,28.5345,0
85.0247,27.1728,0
81.4404,28.3927,0
80.4406,28.8021,0
80.7163,29.0361,1
84.8731,27.3418,0
80.5455,29.1566,0
82.1564,28.017,0
82.1452,28.0096,0
80.6032,29.0822,0
81.6296,28.4267,0
80.8231,29.0315,0
82.7286,27.6748,0
81.8254,28.1335,0
82.1004,28.5039,0
82.5174,27.9333,0
81.38,28.372,1
80.6017,29.0617,0
81.9931,28.2176,1
83.5307,27.7229,0
85.7427,27.3461,0
81.3471,28.5843,0
85.9516,27.3442,1
80.2215,29.0313,0
80.6111,28.9498,0
80.9218,28.8071,1
81.8928,28.1687,0
84.9922,27.187,1
81.6418,28.4561,0
80.8183,28.962,0
80.8465,29.3843,1
82.2213,28.2503,0
81.2117,28.9912,0
80.6422,29.4015,0
81.8564,28.2129,1
80.988,28.8938,1
80.6769,28.8452,0
81.869,28.1777,1
80.1513,28.8981,0
83.9396,27.6233,0
83.6065,27.6744,0
82.7988,28.0981,0
80.3112,28.852,0
81.5553,28.3727,1
81.868,28.1201,1
82.8962,28.0533,0
82.766,27.7972,1
82.9157,28.009,0
81.4697,28.4131,0
81.4609,28.7358,0
81.8676,28.2936,1
80.1823,28.861,0
80.6447,29.1344,0
82.7352,27.869,0
81.4446,28.4569,0
80.3189,28.9483,0
84.2211,27.5298,0
81.9266,27.9073,0
81.9043,28.1057,0
81.2701,28.8028,1
82.1066,28.0525,0
81.586,29.3264,0
82.5591,28.0058,0
88.0431,26.609,0
82.3415,27.7722,0
83.0321,27.6234,0
80.711,28.6744,1
82.6739,27.7331,1
80.3444,29.0623,0
81.3874,28.7717,1
81.764,28.695,1
82.6938,27.7202,1
81.5054,28.4074,1
81.4544,28.4035,0
80.3444,29.0623,0
81.9216,28.1362,0
81.9821,28.0935,0
82.0606,28.1552,0
81.6524,28.588,0
80.5348,29.46,0
81.0627,28.9149,0
80.4614,28.9105,1
85.3045,27.3145,0
84.9922,27.187,0
84.8964,27.3509,0
80.5774,28.9147,0
80.4003,29.0982,1
83.1475,28.1447,0
82.0698,28.4371,0
87.4279,27.453,0
81.5127,28.3091,0
81.94,28.1912,1
82.1564,28.017,0
82.4144,27.8257,0
81.1857,28.9818,0
82.5903,28.7106,1
81.1748,28.8537,0
81.7833,28.2225,1
82.1855,28.3452,0
80.9218,28.8071,0
81.8866,28.1415,1
80.4299,28.7168,0
81.3718,28.3744,0
80.4312,29.1998,0
80.3686,29.1153,0
80.8685,28.6301,1
80.6972,28.6937,0
81.4284,28.4452,0
80.6309,28.9477,1
80.8306,28.7834,1
85.8817,27.233,1
81.692,28.3094,1
81.3906,28.4143,0
80.3122,29.0382,0
82.1298,28.352,0
86.0762,27.2524,1
80.5481,28.9094,1
81.5308,28.4882,1
85.8412,27.3922,1
80.7131,28.7114,0
80.7429,29.0688,1
82.3226,27.8563,0
81.6196,28.4276,0
81.8921,28.5801,0
81.0652,28.8953,1
80.9646,28.5545,1
81.5549,28.3119,0
81.736,28.4203,0
81.4383,28.3734,1
84.956,27.2081,1
81.3461,28.5665,1
82.3256,27.9586,0
80.4299,28.7168,1
80.2415,29.0311,0
82.0326,28.0993,0
82.6739,27.7331,0
80.2659,29.0254,0
87.7517,27.211,0
81.8144,28.1889,0
82.6581,28.3111,0
81.076,28.4376,1
80.8745,28.868,0
81.3752,28.8737,0
81.0215,29.2673,0
81.3582,28.6852,0
86.6337,26.71,0
83.6009,28.4547,0
80.4933,28.7165,0
80.3304,28.9743,1
80.8597,28.7144,0
81.9825,28.6553,0
86.8058,26.7591,1
81.5683,28.4349,1
80.64,28.9969,0
82.5797,27.7572,0
82.1855,28.3452,0
80.3609,29.017,0
86.6819,26.7478,0
80.9924,29.0132,1
81.4474,28.6096,1
80.4003,29.0103,0
80.3823,29.1021,1
80.683,28.926,0
81.2936,28.9703,1
81.7848,28.2147,0
87.7017,27.4238,1
82.8866,28.1894,1
80.5665,29.075,1
80.9954,29.02,0
84.7039,27.8323,0
80.6565,28.9789,0
82.1719,28.3234,0
82.0562,28.4289,0
80.3889,29.0247,0
81.0033,29.2612,0
80.2765,28.9807,0
81.5568,28.5941,0
81.6508,28.3683,0
81.8281,28.3321,0
81.2738,28.7857,0
87.3239,27.0911,0
80.6527,29.0179,0
83.0231,27.6009,1
84.7946,27.3425,0
82.0738,28.361,0
81.3906,28.4143,0
82.4946,27.9434,0
80.6821,28.9836,1
81.7079,28.2671,0
82.4503,27.9629,0
80.4406,28.8021,1
81.2946,28.5389,0
80.16,28.842,1
83.61,27.6807,1
81.6337,28.3715,0
81.9702,28.3008,1
81.6145,28.4994,0
81.53,28.3526,0
83.5294,27.7138,1
81.6734,28.4847,0
81.7549,28.2058,0
81.2051,28.6013,0
81.9475,28.1128,0
80.5371,29.1754,0
81.8495,28.797,0
85.7592,27.7043,1
81.0706,29.0167,0
82.4294,27.8118,1
81.5924,28.3954,1
82.0956,28.3548,0
85.0192,27.1792,0
81.3608,28.4522,1
80.6857,29.4494,0
82.2652,27.9066,1
81.1949,28.8213,0
80.1602,28.874,0
81.3607,28.8948,1
81.377,28.546,1
82.4294,27.8118,0
81.5924,28.3954,0
81.8223,28.0218,0
84.9267,28.3668,0
82.6461,27.9322,1
81.4365,28.4694,1
81.1957,28.9832,1
82.9272,27.8723,0
80.4159,29.0952,0
84.8014,27.2726,0
87.6098,27.5177,0
80.5348,29.46,1
81.6006,28.9098,1
80.7225,29.0513,0
80.469,28.7751,0
83.1082,27.8505,0
81.9419,28.5036,0
81.7248,28.2458,1
80.5743,29.0281,0
80.7623,29.0048,1
81.3218,28.5874,0
80.5336,29.4357,0
84.4851,27.5389,0
80.5917,29.0653,1
80.4052,29.0079,0
81.284,28.578,0
81.4515,28.6149,0
80.5248,29.146,1
81.1055,28.7195,0
81.8693,28.3033,0
87.1774,27.1465,1
80.6924,28.6978,1
81.5725,28.5588,1
84.9208,27.2619,0
80.5867,28.955,0
84.8837,27.9364,0
81.0243,28.9251,0
83.0988,27.6676,0
82.8946,28.012,0
81.3121,28.5796,0
82.2329,27.9731,0
80.8163,28.94,0
81.8988,28.12,0
85.3145,27.1106,0
81.2667,28.5231,0
81.8749,28.1118,0
80.5189,29.1267,0
80.2003,28.8997,0
83.0943,27.721,1
80.4394,29.0802,0
81.3613,28.4627,0
80.4953,28.9787,0
81.9739,28.4798,1
81.6952,28.2656,1
81.3718,28.3744,0
81.4719,28.3998,0
81.9144,27.914,0
86.6082,26.9005,0
81.7079,28.2671,1
82.8245,28.0218,1
86.112,27.2283,0
81.4446,28.4569,0
80.8772,28.5946,1
80.7847,29.3163,1
81.5733,28.3365,1
81.7609,28.687,0
80.8489,28.5722,0
85.9429,27.1009,1
81.4284,28.4829,0
81.0218,29.1394,0
80.1855,28.8431,0
80.7707,28.9539,0
86.8798,26.7367,1
80.8218,28.6205,0
81.475,28.3854,0
82.7372,27.8717,1
80.829,28.6253,0
81.9481,27.919,0
81.3361,28.4859,0
80.7753,28.7358,0
80.6696,28.9075,1
80.4197,28.7907,1
84.9436,27.2829,0
86.8051,27.008,0
80.3832,29.0019,1
83.8993,27.5799,0
84.9744,27.2761,0
81.3246,28.6216,0
81.8534,28.2796,1
81.83,28.1467,1
80.4411,28.774,0
83.0215,27.6208,1
81.3368,28.505,0
82.1677,28.5849,0
82.4804,27.7904,1
81.4681,28.7267,1
80.8183,28.962,0
82.3086,28.8056,0
80.6152,29.0907,0
81.3768,28.4421,1
80.5612,29.3677,1
84.6536,27.3457,0
80.3889,29.0247,0
81.4133,28.5496,1
83.2029,27.6316,1
81.2986,28.7415,0
81.4539,28.4161,0
82.2618,28.2596,0
82.1848,28.5883,1
82.5324,27.9349,1
81.6294,29.1643,0
80.2551,29.079,1
85.0413,27.2475,0
85.215,27.5207,0
81.9893,27.9526,0
81.8356,28.1349,0
83.0533,28.033,0
80.5229,29.1456,1
82.7875,27.923,0
82.0033,28.6442,0
82.1171,28.4499,0
82.25,28.3594,0
85.3176,27.0927,0
86.063,27.6563,0
81.7124,28.2749,1
81.1357,28.708,0
81.9132,28.158,1
82.8612,27.9883,1
81.3177,28.5712,0
80.3189,28.9483,1
80.5534,28.9417,0
81.3902,29.0049,0
81.1635,29.1607,0
81.2776,28.5389,1
80.6104,29.1274,0
84.4596,27.5501,0
80.8374,29.3104,1
80.4732,29.1873,0
82.8557,27.8853,0
80.3838,29.111,1
80.8913,28.6182,1
80.4055,29.0556,0
84.9472,27.3242,0
80.4591,28.8098,1
81.5663,28.3379,1
86.1471,27.3306,1
81.5718,28.5311,0
80.3874,29.161,0
80.4115,28.7727,1
81.6207,28.4471,0
82.0347,28.5842,1
80.2059,28.8648,0
80.3304,28.9743,0
81.3438,28.46,1
81.0645,28.9062,0
84.7273,27.3432,0
81.5185,28.3589,1
81.437,28.2395,0
80.4431,28.804,0
81.5563,28.3228,0
81.0885,28.847,1
80.2686,29.0672,1
83.906,27.5801,1
82.6858,27.7255,0
80.321,28.838,1
84.3831,27.5453,0
81.9849,28.0606,0
83.2009,27.8259,0
81.4544,28.4035,1
81.4727,28.4305,0
85.262,27.1517,0
82.1004,28.5039,0
84.6598,27.5135,0
80.7869,28.8157,1
82.8737,27.9249,0
84.9584,27.2518,0
80.966,28.8842,0
81.2901,28.6138,1
80.5873,28.9067,0
84.6791,28.0392,0
81.5139,28.4831,0
80.3222,29.0682,0
83.6085,27.6828,0
82.0971,27.9624,0
81.3036,28.7873,1
82.8535,27.9866,1
86.794,26.6554,1
80.6301,29.1238,0
80.3874,29.161,1
80.7319,28.664,1
82.1442,28.5452,1
80.8377,28.8015,1
80.9692,28.9848,1
80.5704,28.9502,0
81.668,28.4011,1
82.1855,28.3452,0
81.9458,28.179,0
80.6237,29.0044,1
82.0331,28.427,1
81.3033,28.8147,0
82.6392,27.9201,0
82.1708,28.5259,1
80.5053,28.9293,0
81.9134,28.1748,0
87.6268,27.2165,1
82.1674,27.9531,0
82.1701,27.8923,0
82.5457,27.9144,0
81.2364,28.7063,0
81.6892,28.3758,0
85.903,27.0905,1
80.8951,28.7787,1
81.9726,28.1659,1
83.5149,27.649,1
80.8534,28.9249,1
82.1164,28.0428,1
80.7378,28.9196,0
80.1938,28.8966,0
80.4529,29.1976,1
80.867,29.0348,1
81.4948,28.6636,0
81.9051,28.234,1
81.8189,28.1565,0
80.4815,28.9523,0
82.7817,27.7758,0
80.541,28.969,0
82.9794,28.1696,0
81.9234,28.096,0
81.3673,28.5988,1
81.2852,28.5494,0
82.1395,28.0204,0
84.0735,28.0186,0
83.075,27.6561,0
80.5044,29.2766,0
85.3245,27.112,0
87.0361,26.8395,0
81.6508,28.3683,0
84.4567,27.5302,0
80.5202,29.2795,0
82.0926,28.1591,0
80.4792,29.0095,0
82.9845,27.7072,0
82.1928,28.3449,0
81.8564,28.2129,0
80.8667,28.5932,1
81.5657,28.7227,1
84.8319,27.2679,1
83.9128,27.5177,0
82.5324,27.9349,0
82.7817,27.7758,1
80.3671,29.115,1
82.2086,27.9007,0
82.1075,28.504,1
81.4204,28.4916,0
81.6226,28.3899,1
80.5965,29.1374,1
80.3326,28.8144,1
81.8997,27.9611,1
82.152,27.9461,0
82.2086,27.9007,1
84.9094,27.2641,0
82.7512,27.9167,0
80.4056,29.1495,0
81.4962,28.4709,1
82.766,27.7972,0
81.2716,28.5802,0
81.5563,28.3228,1
83.9838,27.6245,0
83.8926,27.6115,0
82.8764,27.9389,0
81.3121,28.5796,0
80.4705,29.0747,1
81.4727,28.8807,0
80.4557,29.1957,1
82.1808,27.9215,0
80.6857,29.4494,0
82.2213,28.2503,1
80.1782,29.0571,1
82.6578,27.8677,0
84.214,27.5188,0
82.2366,28.007,0
81.5608,28.2417,0
81.1902,28.8668,0
81.8535,28.1564,0
86.0278,27.0469,1
81.6145,28.4994,0
80.8495,28.6367,0
86.5552,26.9125,0
84.7946,27.3425,0
80.6908,28.9103,0
81.3962,28.3606,0
84.2329,27.5224,0
81.657,28.5446,1
80.8577,28.6974,1
80.3552,29.1969,0
81.9387,28.1066,0
81.9535,28.1406,0
80.2415,29.0311,1
84.5021,27.5398,0
80.752,29.0034,0
84.2224,27.5256,0
81.3,28.6396,0
81.1592,28.9175,0
81.4773,28.4296,0
80.5957,28.8633,0
80.8813,28.8731,1
81.9176,28.1168,0
81.0342,28.9105,0
81.961,28.1518,0
80.1938,29.1102,0
80.6432,29.116,1
81.2667,28.5231,0
82.9276,27.6929,0
82.1516,27.9344,0
80.5285,29.1514,0
83.0321,27.6234,0
82.9305,27.7241,0
82.7372,27.8717,0
81.3313,28.8972,0
81.7009,28.3391,1
85.1102,27.1074,0
81.2117,28.8305,1
80.4312,29.1998,0
81.9686,28.0532,1
81.1635,29.1607,1
81.4893,28.6955,1
81.3608,28.4522,0
80.5202,29.2795,0
86.6987,26.7509,0
83.1891,27.7364,0
81.9588,28.3081,0
80.196,28.8893,0
80.3725,29.1062,0
82.9167,27.9281,0
81.8693,28.2523,0
81.84,28.114,0
81.1221,28.7008,0
80.8464,28.5969,1
80.2191,28.8327,0
86.6873,26.7279,0
85.2578,27.1667,1
80.4411,28.7321,0
81.1623,29.0841,0
84.8217,27.2695,0
82.054,28.258,0
81.4511,28.4213,0
82.2668,28.3269,0
82.3985,27.937,0
82.1821,28.0051,1
81.4453,28.7524,0
83.9396,27.6233,0
82.8756,27.7117,0
84.0486,27.5403,1
80.4789,29.409,0
81.9639,28.4889,0
80.6477,29.1595,0
82.568,27.8894,0
81.4877,28.4727,1
80.3482,29.2367,0
81.7432,28.2707,1
87.4677,26.9325,0
81.7223,28.2586,1
80.353,29.12,1
81.6189,28.4284,0
82.0783,28.1842,0
82.8193,27.8088,0
81.8476,28.6364,1
80.4429,28.8213,1
81.9511,28.2168,0
80.8529,28.8329,1
84.9652,27.2199,0
80.4953,28.9787,0
82.8296,27.8102,0
81.0095,28.8716,0
80.186,28.8461,1
81.4962,28.4709,0
82.8764,27.9389,0
80.3825,29.1078,1
80.61,29.0898,0
82.2076,28.0105,0
80.9733,28.9014,0
85.6265,27.3847,0
86.0845,27.2591,1
80.4544,28.9738,0
83.0876,27.6691,0
82.8076,27.8389,0
80.8912,28.6142,1
81.4787,28.4545,0
81.38,28.372,0
80.8544,28.9952,0
80.4648,28.7527,0
80.752,29.0034,1
81.4824,28.5257,0
81.1572,28.9295,0
81.6778,28.5345,0
84.822,27.525,0
81.5264,28.6736,1
84.4109,27.547,0
81.2962,28.5341,0
81.2715,28.5231,0
80.4602,29.1919,0
84.956,27.2081,0
81.5232,28.6497,1
81.8178,28.2784,0
81.878,28.1786,0
82.0849,28.4418,0
80.3917,29.0877,1
80.9243,28.8935,1
81.3839,28.5921,0
81.7228,28.2736,1
81.5925,28.3732,0
82.0722,28.0609,1
81.4171,28.5406,0
82.8571,27.7767,0
80.7329,29.0702,0
81.53,28.3526,1
80.6512,29.1289,1
86.6987,26.7509,0
81.4815,28.454,0
81.8359,28.5216,0
81.4395,28.5299,1
81.4727,28.8807,1
82.0539,28.615,0
81.0503,28.9402,1
82.4503,27.9629,0
81.969,28.1288,1
81.8069,28.3576,0
86.0762,27.2524,0
81.8007,28.1865,1
81.9588,28.3081,1
81.53,28.3177,0
80.3874,29.161,0
81.8564,28.2129,1
84.6612,27.5043,1
82.1164,28.0428,0
80.8685,28.6301,0
81.2819,28.5682,1
82.1066,28.0525,0
80.789,29.0449,0
82.5005,27.9094,0
81.4352,28.4078,0
84.9568,27.2618,0
85.7125,27.039,1
81.0824,28.9054,0
80.5677,28.8925,0
81.9428,28.1415,0
81.9759,28.1054,0
86.775,26.7864,1
82.1953,28.3157,1
85.215,27.5207,0
80.4495,29.1902,1
80.4489,28.8083,0
80.7783,28.9532,0
84.8659,27.26,0
82.2652,27.9066,0
81.4443,28.4204,0
81.8066,28.2378,1
82.293,28.4095,1
81.983,28.1103,0
81.5243,28.4657,0
81.7848,28.2147,0
80.4914,28.731,1
81.2673,28.5022,1
81.4877,28.4727,0
82.0592,28.4382,0
82.6325,28.0119,1
80.2857,29.1058,1
84.8565,27.2811,1
82.793,27.9011,0
80.2886,29.0216,1
84.6514,27.5122,1
80.162,28.865,0
81.4687,28.9978,0
82.1197,28.3181,1
82.9845,27.7072,1
80.3633,29.0942,0
85.362,27.4295,1
81.2654,28.5223,0
82.2909,27.8419,0
80.5637,29.0972,0
81.3764,28.5811,1
81.4506,28.3289,0
83.1782,28.2906,0
87.8298,27.5263,0
81.472,28.4523,0
83.1513,28.3177,0
84.788,27.2576,1
81.8309,28.1601,1
81.4727,28.4305,1
81.0215,29.2673,0
81.7095,28.2571,1
80.4975,29.1484,0
81.377,28.546,0
81.1684,28.6772,0
81.3105,28.7818,1
81.8069,28.3576,1
84.9652,27.2199,1
80.6152,29.0907,0
81.38,28.372,0
81.8422,28.1582,1
81.8742,28.1432,0
80.4533,29.0969,1
80.6371,29.021,0
82.0462,28.4237,0
81.7594,28.4403,0
82.5406,27.9017,0
81.7594,28.4403,1
81.3461,28.5665,0
82.7584,27.8904,1
80.614,29.1087,0
84.5371,27.4028,0
81.3651,28.6587,0
82.1872,28.3164,0
84.4762,27.5614,1
81.5398,28.6074,1
82.285,28.3252,1
81.8159,28.2474,0
81.37,28.5503,1
82.4831,27.9482,1
81.4804,28.6569,0
85.0957,27.1054,1
80.155,28.9353,1
81.8868,28.4362,1
83.894,27.602,1
82.1001,28.0329,1
84.037,27.5078,0
80.9916,28.9247,0
82.0646,28.0536,0
81.8321,28.1549,0
81.0591,28.934,0
82.1757,27.9302,0
82.2366,28.007,0
82.4806,28.2358,0
86.6306,26.7278,0
81.3294,28.6795,0
80.8581,28.6684,0
80.5195,28.9442,1
81.3966,28.5864,0
81.9056,28.1382,0
84.8949,27.2635,1
80.8713,28.5563,1
81.9002,28.0893,0
83.2029,27.6316,0
85.1713,27.1581,1
84.7114,27.5225,0
81.3204,28.7531,1
86.8041,27.009,0
81.7261,28.2422,1
82.2206,28.5383,0
82.8575,27.941,1
81.3457,28.5929,0
81.8874,28.1507,1
82.2136,28.605,0
81.28,28.566,0
81.4727,28.8807,0
80.6393,28.9917,0
80.6372,29.1218,0
81.8078,28.0292,0
80.6652,28.9991,0
82.0975,28.1251,0
80.5022,29.033,1
84.903,27.3012,1
81.4985,28.51,0
80.6181,28.9117,1
80.4415,28.8543,1
80.4411,28.7321,0
80.3577,29.0008,0
82.7875,27.923,0
83.9765,27.5019,0
82.276,27.8903,0
80.5285,29.1514,0
81.8998,28.2058,0
82.1325,28.0433,1
82.1674,27.9531,0
82.6938,27.726,0
80.7569,29.0302,1
84.8847,27.3149,1
82.8193,27.8088,1
80.833,29.3258,0
81.9056,28.1382,0
80.4401,28.9694,0
80.8057,29.3811,0
80.4002,29.0597,0
80.4928,29.1863,0
81.983,28.1012,0
81.4309,28.8939,1
81.9114,28.1378,0
86.4879,27.6607,1
84.9414,27.3202,0
81.2745,28.5586,0
81.1949,28.8213,0
80.5155,29.025,1
81.2702,28.5748,1
82.6268,27.9346,1
81.8693,28.2523,1
80.6214,29.4855,0
82.7226,27.8768,0
80.5917,29.0653,0
81.5335,28.6269,1
82.1255,28.4408,0
80.2993,29.2036,1
81.5457,28.4087,0
81.7112,28.2985,0
80.2527,29.0112,1
81.429,28.8985,0
81.8732,28.3582,1
82.8764,27.9389,1
82.7358,27.7298,0
81.4016,28.4771,0
80.6307,28.7147,1
81.7079,28.2671,0
81.377,28.546,0
82.037,28.0611,0
81.5242,28.469,0
87.7107,27.1896,1
82.2984,28.3171,1
82.2955,28.2973,0
80.787,29.0618,1
82.1804,28.0141,0
80.3,29.229,0
81.5093,28.2914,0
81.5815,28.3488,0
82.0991,28.1689,0
80.5455,29.1566,1
84.8079,27.2604,0
81.3559,28.5342,0
80.4874,29.0114,1
81.1253,28.7097,0
82.8177,28.093,0
81.7688,28.2637,0
81.5059,28.3465,1
84.2141,28.1883,0
81.5457,28.4569,1
80.7373,29.3547,1
84.4596,27.5501,0
81.359,28.3169,0
81.9387,28.1066,1
81.1884,28.6581,1
84.0058,27.5222,0
81.6476,28.4796,0
81.7415,28.2223,0
81.4016,28.4771,0
81.9475,28.1128,0
81.8998,28.2058,1
82.4562,27.7954,0
82.0592,28.4382,0
80.1411,28.8967,0
87.6268,27.2165,0
86.6419,26.7469,1
80.5665,29.075,0
80.8191,28.6323,0
83.9128,27.5177,0
84.4762,27.5614,0
82.718,27.7392,0
82.9272,27.8723,0
80.4826,29.1847,0
80.4739,28.9942,0
80.9898,28.9031,0
82.1872,28.3164,1
82.0991,28.1689,1
84.8896,27.2639,1
82.7322,27.8988,1
81.4705,28.9888,1
80.787,29.0618,0
80.4581,28.7311,0
81.5022,28.4917,0
83.0643,27.6547,1
82.6578,27.8677,0
81.5728,28.3373,0
80.4394,29.0802,1
82.1075,28.504,0
80.8913,28.6182,1
82.9272,27.8723,0
84.4563,27.556,0
80.3624,29.0659,0
81.4628,28.4311,0
81.4284,28.4452,0
80.5481,28.9094,0
84.6791,28.0392,0
80.6111,28.9498,0
82.8296,27.8102,0
84.3726,27.4662,0
80.8286,28.941,1
80.6261,29.1067,0
81.838,28.2825,0
81.9002,28.0893,1
85.3982,27.1058,1
80.1567,28.9264,0
81.4815,28.454,1
81.5678,28.4568,1
81.4743,28.521,0
82.4806,28.2358,0
84.8421,27.9798,1
81.3143,28.564,0
82.392,27.9315,1
81.9812,28.0873,0
80.4147,29.0162,1
82.008,27.9642,1
82.0247,28.3759,0
81.927,28.1247,0
80.6318,29.125,1
80.3401,28.7432,0
81.5398,28.6074,0
81.8665,28.1632,1
80.6227,28.9373,0
81.6983,28.246,1
81.5701,28.5735,1
81.3893,28.4133,0
81.6181,28.3583,0
84.5021,27.5398,1
81.2233,28.814,1
81.4276,28.8817,0
81.6189,28.4284,0
81.4157,28.5734,0
81.277,28.5633,0
84.8318,27.3403,0
81.5242,28.469,0
81.4797,28.6322,0
84.7986,27.3359,0
82.4015,27.8247,0
87.4615,26.6849,1
82.0117,28.0912,0
81.2035,28.8862,1
84.3418,27.5571,0
81.9903,28.1794,0
82.0596,28.184,1
81.1748,28.8537,1
81.2794,28.8367,1
80.8495,29.3119,1
82.2407,28.3485,0
82.6513,27.7836,0
85.2049,27.9659,0
82.0601,28.0649,0
81.5264,28.6736,0
84.7869,28.283,0
82.152,27.9461,0
81.1202,28.8546,0
80.9555,28.9771,0
81.2946,28.5389,0
81.9494,28.1385,1
83.8136,27.6831,0
81.9363,28.1443,0
85.0247,27.1728,0
81.4787,28.4545,0
84.9208,27.2619,0
82.0331,28.427,0
80.6199,29.1223,1
81.7815,28.2349,0
81.2165,29.1347,0
81.5206,28.48,0
81.5861,28.4564,1
85.5267,27.8104,0
80.6032,29.0822,1
84.822,27.525,0
83.0107,28.1335,0
81.9374,28.1142,0
82.1395,28.0204,0
84.0735,28.0186,0
81.4449,28.8864,0
81.8309,28.1601,1
82.2223,28.2804,0
83.1852,28.099,0
85.0751,27.2504,0
85.7542,27.0257,0
83.709,28.0272,1
82.1612,28.4376,0
84.4764,27.5483,1
85.707,27.0457,1
81.28,28.566,0
80.4315,28.7261,1
83.8993,27.5799,1
80.4327,28.7552,1
83.0949,27.6733,0
80.4023,29.001,0
81.8144,28.1889,1
80.8708,28.7687,0
82.2819,28.3161,1
82.8475,27.9298,0
85.7739,27.0172,0
81.1656,28.8052,0
81.9823,28.1311,0
82.1322,28.3387,0
84.8132,27.28,1
81.4617,28.6163,0
86.2004,27.0389,1
83.976,27.6272,0
80.3013,29.1129,1
82.1647,27.9284,1
82.1363,28.3542,1
81.5422,28.316,1
81.8535,28.1564,1
81.524,28.3679,0
81.2822,28.8444,0
81.5678,28.4568,0
81.4385,28.4564,0
82.1669,27.9191,0
80.4792,29.0095,1
80.7101,28.6926,0
86.1471,27.3306,0
82.6162,27.9363,0
81.5598,28.7144,0
84.7982,27.2952,0
82.793,27.9011,1
83.6653,27.6298,0
81.4825,28.6263,0
84.0822,27.5128,1
81.4335,28.4248,1
81.6524,28.588,0
81.4487,28.375,0
81.5027,28.6968,0
84.303,27.9239,0
80.7869,28.8157,0
84.6402,27.3804,0
80.6372,29.1218,0
82.2499,27.8402,1
86.2063,27.0853,0
81.2794,28.8367,0
81.5866,28.4931,0
82.4035,27.824,1
80.4147,29.0162,0
80.4406,28.8021,1
81.6972,28.284,0
85.2159,27.8842,0
80.3987,29.1072,1
80.6527,29.0179,0
83.9475,27.4914,0
80.443,28.9508,0
80.7375,28.9827,0
81.878,28.1786,1
85.8817,27.233,0
82.0081,27.9901,1
82.0596,28.184,1
81.8189,28.1565,1
81.0025,29.2548,0
82.0738,28.361,1
81.4586,28.3872,1
86.063,27.6563,0
80.787,29.0618,0
81.6358,28.4215,0
81.8998,28.2058,0
80.5248,29.0499,1
82.0115,28.3809,0
80.4315,28.7261,0
84.3726,27.4662,1
82.4562,27.7954,1
80.6539,29.0333,0
80.6964,28.8664,1
81.8086,28.6436,1
81.579,28.3709,0
81.6988,28.3206,0
82.9132,27.9179,1
81.5432,28.3801,0
80.4373,28.769,1
80.4812,28.7295,0
84.8239,27.3312,0
81.5778,28.4665,0
85.019,27.1566,0
81.3313,28.8972,0
80.6369,29.1352,0
80.7178,28.6387,0
85.8338,27.0207,0
81.3332,28.502,0
81.7093,28.2948,1
81.4356,28.2601,0
81.4929,28.4242,1
80.7131,28.7114,0
84.4764,27.5483,1
80.9598,28.8943,0
81.4943,28.3168,0
80.3,29.229,0
82.8061,27.9133,0
81.764,28.695,0
81.4487,28.375,0
80.5285,29.1514,1
81.8945,28.526,0
84.2329,27.5224,0
80.6219,29.0616,1
80.637,28.8982,0
80.6469,28.7105,1
82.8475,27.9298,1
80.1658,28.8502,0
81.6597,28.3767,0
80.6447,29.1344,0
81.9213,28.333,0
87.407,27.6058,0
84.4851,27.5389,0
81.9419,28.5036,0
81.4813,28.5382,1
82.084,28.3624,0
81.9682,28.1853,0
80.5155,29.025,0
80.1821,28.8271,0
80.1658,28.8502,0
80.6179,29.3673,0
82.1083,28.0614,0
81.5969,28.3175,0
80.4724,28.7235,1
82.152,27.9461,0
85.6976,27.0336,1
82.2539,28.2638,0
81.9763,28.2934,0
82.2947,28.4001,0
83.6085,27.6828,1
80.7737,28.5888,1
80.3482,29.2367,1
83.9838,27.6245,0
80.3122,29.0382,0
80.9622,28.5333,0
81.2637,28.5473,0
81.2701,28.8028,1
81.6239,28.3932,0
82.515,27.9437,0
84.9436,27.2829,1
80.1737,28.8507,1
82.0457,28.2491,0
80.7101,28.6926,0
82.7286,27.6748,0
81.6414,28.367,0
80.4292,29.1057,0
82.0765,28.1929,0
85.9495,27.0662,1
80.9909,28.93,1
86.7437,27.3233,1
80.4928,29.1863,0
81.0727,28.9108,0
81.7868,28.4412,0
81.2653,28.5374,1
80.6984,28.6946,0
81.5116,28.5044,1
81.5549,28.3119,0
80.6493,29.0464,1
80.5306,29.0384,1
81.9428,28.1415,0
81.2165,29.1347,0
80.2929,29.1042,0
80.6696,28.9075,0
82.1719,28.3234,0
81.2858,28.5609,0
81.813,28.1132,0
80.5324,29.0454,0
81.1957,28.9832,0
82.4082,27.921,0
84.3138,28.166,0
80.2699,29.1191,0
80.7162,28.9794,1
81.9373,28.1262,0
81.4395,28.5299,0
81.4072,28.5629,0
82.7636,27.7208,0
82.0683,28.1876,0
80.7145,29.1326,0
80.986,28.8847,0
81.7793,28.2642,0
83.8136,27.6831,1
84.9529,27.2711,1
82.8853,28.0668,0
82.0748,28.4379,1
80.6261,29.1067,1
80.2527,29.0112,0
81.8537,28.121,1
80.7015,28.645,1
83.9099,27.51,0
81.8231,28.3696,1
84.9462,27.289,1
82.0601,28.0649,0
81.692,28.3094,0
81.1771,29.1101,0
84.7142,27.9183,0
82.6034,27.9358,1
80.1892,28.8129,0
82.7682,27.9086,0
80.6294,29.1371,1
80.6598,28.7127,0
82.8981,28.0149,0
80.7145,29.1326,0
81.0727,28.9108,0
84.7039,27.8323,1
80.675,29.0593,1
80.1807,28.9207,0
81.9494,28.1385,0
82.152,27.9461,0
81.0007,28.9412,0
84.9478,27.2801,1
84.8777,27.262,0
87.1734,27.1658,0
82.3013,27.9622,0
81.4284,28.4829,0
83.1852,28.099,0
81.0622,28.9252,0
81.313,28.5971,0
81.6813,28.2882,0
80.6213,28.9484,0
80.6369,29.1352,0
86.0762,27.2524,0
81.0342,28.9105,0
81.4813,28.5382,0
80.1418,28.8176,0
85.9545,26.9817,0
81.5015,28.4587,0
82.7963,27.8906,0
80.2857,29.1058,0
81.4877,28.2956,0
85.6812,27.0683,1
81.836,28.6987,0
82.4562,27.7954,0
86.8798,26.7367,0
85.6666,27.0599,0
80.8231,29.0315,0
80.6372,29.1218,0
81.4904,28.3249,0
83.3864,27.7188,0
82.8999,28.0058,0
84.1983,27.5234,1
81.3116,28.586,0
83.1836,28.0217,1
85.8823,27.102,1
80.3874,29.161,0
80.8783,28.6114,0
83.2318,27.6748,0
81.6145,28.4994,0
83.3937,27.7258,1
80.5743,29.0281,0
83.6653,27.6298,1
81.9354,28.0899,0
80.8619,28.6444,1
86.9806,26.7669,0
83.0604,27.6924,1
81.6814,28.3088,0
81.5523,28.3099,0
81.4835,28.6978,0
83.9193,27.5739,0
85.7048,27.0305,1
82.0387,28.5833,1
84.8565,27.2811,0
84.6301,27.3819,0
81.3263,28.566,0
87.4507,26.9292,1
85.8412,27.3922,0
81.8928,28.1687,0
80.427,29.0966,0
80.7004,28.7041,1
84.8217,27.2695,1
80.7869,28.8157,0
82.0695,28.4269,1
80.833,28.7988,1
80.449,28.823,0
81.0342,28.9105,0
81.8885,28.1879,1
82.2978,28.3003,0
82.0787,28.0465,1
81.2364,28.7063,0
81.3884,29.0204,1
82.0115,28.3809,0
82.4082,27.921,1
81.7259,28.4336,0
82.0488,28.1822,1
80.5965,29.1374,0
80.4343,28.7462,1
82.5823,27.7601,0
80.8417,28.6711,0
80.3062,28.8555,0
82.0873,28.2712,0
85.1486,27.1532,1
81.4917,28.4168,0
81.3654,28.4725,0
81.1521,28.6909,0
82.1852,28.3173,1
82.1294,28.2678,1
81.4957,28.3495,0
83.0471,27.9424,1
81.8007,28.1865,0
86.6777,26.6955,0
80.4739,28.9942,0
81.9108,28.1125,0
80.6526,29.0006,0
81.0564,28.8413,0
82.7302,27.6832,0
84.2981,27.3969,1
81.0077,28.8936,0
81.7415,28.2223,0
80.3825,29.1078,0
81.917,28.0977,0
84.8132,27.28,1
84.6536,27.3457,0
82.8643,27.775,0
81.2928,28.5601,0
81.6547,28.3249,0
81.9534,28.1367,0
84.4567,27.5302,1
80.3075,29.1101,1
81.3135,28.8161,0
81.4352,28.4078,0
82.9215,28.1464,0
81.3608,28.4522,0
82.2136,28.605,0
80.966,28.8842,1
82.5808,27.8903,0
81.897,28.129,0
80.64,28.9969,0
81.4204,28.4916,0
82.7358,27.7298,1
80.4698,29.1948,1
81.8876,28.1196,0
87.2012,27.5572,0
85.6666,27.0599,1
81.9823,28.1311,1
82.2829,27.8483,1
80.6821,28.9836,0
85.3045,27.3145,1
81.5063,28.4066,0
82.0837,28.2419,1
82.1522,28.5373,1
80.3218,28.7786,1
86.4533,27.2634,0
81.8309,28.1601,0
81.9758,28.091,0
81.6337,28.3715,0
84.8837,27.9364,0
81.1808,28.8102,1
81.9686,28.0532,0
80.3413,28.9823,1
80.6047,29.0809,0
80.7767,28.6399,0
81.4204,28.4916,1
85.7254,26.9917,1
82.187,28.3249,1
80.4542,28.764,0
81.307,28.7371,1
84.1154,27.5402,0
80.196,28.8893,0
86.8442,26.7217,0
80.5032,29.0477,0
83.2009,27.8259,0
80.8525,28.7895,1
80.8711,29.0039,1
80.5285,29.1514,1
80.4239,28.8053,0
81.5293,28.3236,0
86.9635,26.7598,1
81.4797,28.6322,0
80.393,28.7883,0
80.541,28.969,1
80.2011,28.9167,1
84.0038,27.7351,1
81.8359,28.5216,1
80.6696,28.9075,0
85.7724,27.1559,0
82.2539,28.2638,0
85.3982,27.1058,0
84.8794,28.0407,1
81.8537,28.121,0
82.8286,28.0154,0
81.5168,28.6066,1
82.1442,28.5452,0
81.3658,28.5054,0
82.8193,27.8088,0
80.7278,28.674,1
81.0025,29.2548,1
80.4542,28.764,0
81.3414,28.7336,1
81.5168,28.6066,0
82.7875,27.923,1
81.2802,28.9689,0
86.0904,27.0508,1
84.956,27.2081,0
82.2329,27.9731,0
82.5924,27.7615,0
81.9726,28.1659,0
81.8435,28.1225,0
81.6394,29.1657,1
81.472,28.4523,1
82.1076,28.506,1
81.0215,29.2673,0
80.8683,28.5458,1
81.495,28.6997,0
81.5256,28.3588,0
80.716,29.1057,0
81.9134,28.1748,0
82.9215,28.1464,0
84.4838,27.5524,0
81.4253,28.4313,1
82.1625,28.4285,0
81.9132,28.158,0
81.9639,28.4889,0
83.8926,27.6115,1
80.2146,28.8479,0
80.9567,28.7857,0
81.5363,28.3605,0
80.9622,28.5333,0
80.8988,29.1471,0
83.5307,27.7229,1
80.1821,28.8271,0
85.2578,27.1667,0
80.2161,28.8633,0
81.4443,28.4204,0
81.8166,28.4027,0
80.6972,28.6937,0
80.6371,29.021,0
81.961,28.1518,1
82.7226,27.8768,0
86.8967,26.7398,0
82.0001,28.0724,0
80.3589,29.0286,0
81.9354,28.0899,0
82.2184,28.2756,1
81.8144,28.1889,0
81.9903,28.1794,1
80.7591,28.9981,0
81.5381,28.3183,1
80.6294,29.1371,0
80.3725,29.1062,1
81.0885,28.847,0
81.6196,28.4276,0
84.9094,27.3111,0
81.3817,28.3631,1
84.6402,27.3804,0
80.7373,29.3547,0
81.2612,28.5003,1
80.1619,28.911,1
81.2771,28.5392,0
85.3176,27.0927,0
81.6851,28.3752,1
81.7073,28.3034,0
82.6704,27.9144,0
81.28,28.566,0
80.6539,29.0333,0
81.9134,28.1748,0
82.1149,28.0517,0
82.0913,28.0777,1
80.6539,29.0333,0
87.9641,26.4816,0
82.7565,27.8699,0
80.4052,29.0079,1
84.8794,28.0407,0
87.0463,26.841,0
82.4946,27.9434,0
85.6657,27.0719,1
81.8269,28.4011,0
81.7848,28.2147,1
81.4338,28.8918,0
81.9338,28.0691,0
81.4511,28.4213,1
83.9475,27.4914,0
82.1585,27.8943,0
81.1873,28.9729,0
81.9409,28.0964,1
84.9462,27.289,0
81.8166,28.4027,0
81.3512,28.5261,0
80.3,29.229,1
81.9823,28.1311,0
80.39,29.0963,1
82.7796,27.8773,0
80.4781,28.75,0
82.1564,28.017,1
81.8187,28.0278,1
82.2974,28.1649,1
81.0291,28.7391,1
85.0282,27.1758,1
80.5295,28.9427,1
81.1949,28.8213,0
80.8218,28.6205,1
84.3138,28.166,1
82.9866,28.114,1
82.0704,28.416,0
80.8745,28.868,1
81.7788,28.435,1
80.443,28.9508,1
86.5969,26.8979,0
80.9654,28.8985,1
81.7793,28.2642,1
80.7278,28.674,0
81.5362,28.3542,0
82.0986,28.0633,0
82.1625,28.4285,1
81.4634,28.6048,0
82.5823,27.7601,0
82.9444,27.6577,0
80.4796,29.3994,1
84.9032,27.2294,1
80.8289,28.7924,1
85.7598,27.1855,1
80.5765,28.9581,0
80.6798,28.909,1
85.4512,27.9115,0
81.4562,28.89,0
81.2735,28.5284,0
81.897,28.129,0
86.9593,27.1261,0
84.8659,27.26,0
84.1356,27.739,0
82.2433,27.9044,1
86.8191,26.681,0
81.509,28.6605,0
81.0734,28.8218,1
81.8178,28.2784,1
82.0892,27.9244,1
80.9218,28.8071,0
82.1979,28.608,1
81.8971,28.3412,0
82.0787,28.0465,0
81.5412,28.3892,1
81.9456,28.063,0
80.5957,28.8633,0
81.6778,28.5345,0
81.9759,28.1054,0
85.019,27.1566,0
81.472,28.7297,0
82.5021,27.9005,0
81.4245,28.5719,0
84.956,27.2081,0
81.4769,28.4855,1
82.0409,28.0687,1
81.9125,28.1035,0
80.4239,28.8053,1
81.3673,28.5988,0
81.3909,28.5877,1
82.0672,28.5397,0
80.7101,28.6926,0
84.4563,27.556,0
81.4704,28.3797,1
81.4943,28.3168,1
81.6626,28.4946,1
86.8542,26.8087,1
81.2735,28.5284,0
83.9997,27.5275,0
80.4732,29.1873,1
85.7724,27.1559,0
81.4006,28.4325,1
80.7849,28.8147,0
86.8681,26.807,1
81.2226,28.8319,0
80.4312,29.1998,0
81.9588,28.3081,0
80.5324,29.0454,0
80.7127,28.6655,1
81.6798,28.2933,1
81.6296,28.4267,0
81.8323,28.0966,0
84.825,27.2536,0
82.1695,28.0257,0
82.4088,27.809,0
80.5053,28.9293,1
82.8853,28.0668,0
80.3832,29.0019,0
81.5153,28.4662,1
80.6915,29.0498,0
86.6873,26.7279,1
80.8825,28.6185,0
80.4815,28.9523,1
82.0159,28.0784,1
85.3176,27.0927,0
80.7145,29.1326,1
82.3086,28.8056,0
81.2612,28.5003,1
80.7796,29.3127,0
81.5203,28.4939,1
84.4537,27.5484,0
81.9736,28.0734,0
81.1684,28.6772,1
83.0321,27.6234,0
81.3893,28.4133,0
81.2876,28.607,1
81.3361,28.4859,0
80.7869,28.8157,0
82.6162,27.9363,1
85.262,27.1517,0
85.3083,27.077,0
81.3848,28.9615,0
82.1954,27.9318,0
80.9971,28.9324,1
85.7254,26.9917,1
81.5449,28.6201,1
85.6945,27.0449,1
85.9224,27.048,1
82.1848,28.5883,0
82.4177,27.9662,1
81.4948,28.6636,1
81.9297,27.9811,0
80.8163,28.94,0
80.8417,28.6711,0
81.5363,28.4747,1
85.7448,27.4496,1
81.5192,28.4098,0
81.7213,28.2999,1
81.8648,28.1545,1
82.2359,27.8906,0
80.4339,29.0146,0
81.0218,29.1394,0
81.4909,28.8708,1
81.4894,28.4628,1
82.6109,27.9506,0
84.5185,27.759,0
81.3894,28.5785,1
83.0292,27.9778,1
84.9332,27.2488,1
80.1871,28.8999,0
80.1938,28.8966,0
81.3764,28.5811,0
81.6597,28.3767,0
81.7997,28.1826,0
81.4338,28.8918,0
82.5808,27.8903,0
81.0564,28.8413,1
84.7467,28.049,0
82.2139,27.9537,0
82.1522,28.5373,0
83.0417,28.1484,1
81.4552,28.3719,0
81.9763,28.2934,1
82.4015,27.8247,0
80.7004,28.7093,1
81.2929,28.6565,0
81.8534,28.2796,0
84.8731,27.3418,1
81.546,28.7129,1
82.8155,28.101,1
81.4521,28.626,1
86.7411,26.6981,1
81.6418,28.4561,0
80.1892,28.9015,1
83.1762,28.0166,1
85.4512,27.9115,0
80.3938,29.0576,0
81.1357,28.708,1
81.3332,28.502,0
81.9094,28.1494,0
80.3133,29.1054,0
80.4141,29.1101,0
81.8138,28.3304,0
80.6804,29.0764,1
82.7303,27.6838,0
82.2032,28.6094,1
86.1471,27.3306,0
81.9639,28.4889,0
82.7183,27.6855,0
81.934,28.0873,0
82.2974,28.1649,0
80.9968,28.8918,0
84.8063,27.2693,0
80.4282,29.1105,0
81.473,28.9985,1
81.8162,28.0337,0
81.4877,28.4473,0
81.4877,28.6948,0
81.4783,28.5658,0
81.878,28.1786,0
80.9909,28.93,0
80.6652,28.9991,1
80.4552,29.0879,0
84.398,27.548,0
80.5175,29.1501,1
81.9987,28.0581,0
81.7569,28.2502,0
81.7223,28.2586,0
81.3352,28.6042,1
81.3493,28.5028,0
82.2996,28.319,1
81.8453,28.3432,0
81.5598,28.7144,1
80.9555,28.9771,0
80.4155,29.0094,0
81.7027,28.3127,0
80.6227,28.9373,1
82.1263,28.2239,0
86.7472,26.9918,0
80.5661,28.9566,0
81.5101,28.3628,0
81.2312,28.9094,1
81.2819,28.5682,0
80.8747,28.8265,1
81.6902,28.2956,0
84.1052,27.5388,0
81.6727,28.4958,0
80.7195,28.9677,0
80.8594,28.5736,0
81.2901,28.6138,0
85.6666,27.0599,0
81.2786,28.5924,0
82.1425,27.9629,0
82.0619,28.3566,1
80.5138,29.0324,1
80.5455,28.9536,1
81.5192,28.4098,1
82.2706,28.7256,0
82.1255,28.4408,0
81.657,28.5446,0
80.5913,29.0892,0
80.8535,28.8578,1
83.8993,27.5799,0
82.6777,27.916,0
82.8999,28.0058,0
80.3482,29.2367,0
80.6432,29.116,0
81.4781,28.3493,1
81.5815,28.3488,0
81.7432,28.2707,0
80.4033,28.7867,1
81.4617,28.6163,0
82.0462,28.4237,0
83.0885,27.7223,0
81.7223,28.2586,0
82.8729,28.0129,1
86.7437,27.3233,0
80.7319,28.664,0
80.5591,28.9076,1
81.3294,28.6795,1
81.2716,28.5802,1
81.5793,28.4596,1
82.0672,28.5397,0
80.7391,28.6709,0
85.2712,27.1449,1
82.1757,27.9302,1
81.8565,27.974,0
81.4704,28.3797,0
81.1884,28.6581,0
81.9431,28.4843,1
81.4215,28.2039,0
82.6938,27.7202,0
81.2466,28.8533,0
86.7411,26.6981,1
82.293,28.4095,0
82.6866,27.8869,0
80.8717,28.6168,0
86.6287,26.6939,0
81.8468,28.3053,0
81.4251,28.3912,0
81.954,27.9813,0
81.4899,28.3513,0
81.509,28.6605,0
82.0192,27.9657,0
80.7225,29.0513,1
82.1719,28.3234,0
82.3415,27.7722,1
81.9176,28.1168,1
85.1713,27.1581,0
84.8964,27.3509,1
83.5259,27.6504,1
81.6767,28.3267,0
81.9481,27.919,0
81.8565,27.974,0
81.1919,28.8757,0
81.3817,28.3631,0
86.6857,26.8138,1
81.1379,28.8094,0
81.4087,28.5299,0
86.4085,26.9253,1
86.0762,27.2524,0
84.8421,27.9798,0
80.961,28.8859,0
82.8654,27.9316,1
80.2955,28.8066,0
81.886,28.1103,0
83.0604,27.6924,0
81.3438,28.46,0
80.8607,28.5985,0
84.214,27.5188,0
80.162,28.865,0
81.6422,28.418,0
80.4568,29.0732,0
81.7032,28.4687,0
80.4394,29.0802,0
81.9864,28.2918,0
80.1902,29.1054,0
81.5019,28.4362,0
81.8537,28.121,0
80.4159,29.0952,1
81.8494,28.6292,1
86.2063,27.0853,1
83.0409,27.9792,0
81.5778,28.4665,0
84.3866,27.5542,0
84.7142,27.9183,0
83.0417,28.1484,0
80.4339,29.0146,0
81.4523,28.32,0
81.5701,28.4812,1
81.8318,28.1345,0
84.8837,27.9364,1
80.8479,28.785,1
80.8474,28.5813,1
81.8628,28.1451,0
80.2694,29.4293,0
81.4757,28.4941,1
81.4438,28.752,0
80.4638,28.7654,0
80.4614,28.9105,0
81.5718,28.5311,0
87.6021,27.1191,1
82.0892,27.9244,0
81.7231,28.2299,0
81.4893,28.6955,0
81.8178,28.3594,0
81.461,28.7282,0
82.1171,28.4499,1
82.0284,28.0992,1
80.8202,29.3236,0
84.037,27.5078,0
82.1083,28.0614,0
82.6135,27.9371,1
80.1602,28.874,0
80.8594,28.5736,1
80.4023,29.001,0
81.5116,28.5044,0
84.7114,27.5225,0
82.2059,28.2637,0
81.6972,28.284,1
80.4056,29.1495,0
82.9272,27.8723,0
81.4899,28.3513,1
82.0601,28.0649,1
80.4411,28.774,1
82.0041,28.1166,1
80.4299,28.7168,0
81.432,28.2055,1
85.6999,27.4039,1
81.1521,28.6909,0
81.835,28.1497,0
82.5881,28.7058,0
80.7553,29.0959,0
81.9067,28.1198,1
82.6578,27.8677,1
80.4568,29.0732,0
80.5371,29.1754,0
80.4362,29.0052,1
80.4147,29.0162,0
81.5256,28.3588,1
81.4515,28.6149,1
80.2551,29.079,0
82.1767,27.9512,0
80.6432,29.116,0
81.4371,28.8955,0
81.886,28.1103,1
82.1363,28.3542,0
80.4541,29.3102,0
81.3796,28.6732,0
83.9765,27.5019,0
81.3218,28.5874,0
81.2827,28.5363,1
80.6769,28.8452,1
84.2386,27.5305,0
81.9108,28.1125,1
81.3796,28.6732,1
82.5406,27.9017,1
81.7228,28.2736,0
86.6413,27.234,0
82.4232,27.8101,0
81.3613,28.4627,1
80.8573,28.5564,1
80.4401,28.9694,0
81.4838,28.3475,0
82.2618,28.2596,0
82.515,27.9437,1
80.3577,29.0008,1
82.0916,28.069,1
83.0949,27.6733,0
81.6905,28.3963,0
81.4337,28.3782,0
81.4123,28.5017,0
82.2381,28.2622,0
80.5691,29.0986,1
81.8359,28.5216,0
81.6921,28.2993,1
81.284,28.578,0
85.0661,27.2235,0
81.7815,28.2349,1
81.9509,28.1098,1
81.8874,28.1507,0
84.0651,27.5216,1
82.8737,27.9249,0
81.7125,28.2751,1
83.3864,27.7188,0
80.4533,29.0969,0
81.4037,28.9007,0
83.1513,28.3177,0
81.852,28.112,0
80.8525,28.7895,1
86.4071,26.9827,0
81.0591,28.934,0
81.5761,28.4446,0
81.9094,28.1494,1
84.8002,27.2856,0
81.8564,28.2129,0
82.685,27.9205,0
86.8392,26.7631,1
82.2971,28.3431,0
81.2051,28.6013,0
82.5389,27.9374,0
80.2039,29.1088,0
82.734,27.6943,0
86.5552,26.9125,0
84.4828,27.5056,0
80.5336,29.4357,1
82.4177,27.9662,0
82.4927,28.2499,0
81.3764,28.7259,0
81.1572,28.9295,0
82.4946,27.9434,0
85.0413,27.2475,0
81.8994,28.1507,1
82.1066,28.0525,0
85.0577,27.2132,0
84.8742,27.2313,0
81.8166,28.4027,0
81.53,28.3526,0
80.2659,29.0254,1
82.1218,28.0229,0
81.3282,28.6074,0
81.359,28.3169,0
82.8177,28.093,1
81.5103,28.382,0
81.9588,28.0991,0
80.6477,29.1595,0
81.4523,28.5004,1
84.0018,27.6013,1
80.8698,28.626,0
82.0956,28.3548,1
82.3021,28.3395,0
86.7935,26.7601,0
84.9933,27.2553,0
82.2499,27.8402,0
81.2745,28.5586,0
80.5371,29.1754,0
81.4335,28.4248,0
82.9157,28.009,0
85.3182,27.175,0
81.4743,28.521,0
82.568,27.8894,1
82.7512,27.9167,0
82.2819,28.3161,0
81.8215,28.6469,1
80.8489,28.5722,1
81.5342,28.4704,0
82.0033,28.6442,0
80.4033,28.7867,0
84.2087,27.5417,0
87.6155,27.2147,0
81.1763,28.8446,0
81.1941,28.9922,0
82.2339,28.2669,1
82.2829,28.3799,0
80.9598,28.8943,1
80.6485,29.0177,0
84.8239,27.3312,1
80.5189,29.1267,1
84.7467,28.049,0
83.0876,27.6691,0
86.063,27.6563,0
84.8777,27.262,1
80.4115,28.7727,0
81.4957,28.3495,0
81.4838,28.3475,1
81.463,28.7339,0
81.0095,28.8716,1
83.0131,27.7359,0
82.1701,27.8923,0
82.1877,27.9388,0
84.8367,27.3371,1
84.2211,27.5298,0
80.1839,28.8521,0
80.8581,28.6684,0
81.4477,28.511,0
81.6801,28.3359,0
80.2231,29.0351,0
82.1418,28.35,1
81.3695,28.5393,1
81.3573,28.7859,0
80.5714,29.3736,1
82.1071,28.4486,0
82.001,28.0928,0
81.4521,28.626,0
85.2663,27.177,0
80.5704,28.9502,1
81.322,28.6032,1
81.657,28.5446,0
83.906,27.5801,0
81.4253,28.4313,0
81.6196,28.4276,0
80.8717,28.6168,1
80.3122,29.0382,0
80.7039,28.9078,0
82.0033,28.6442,0
82.4263,27.9417,1
82.1585,27.8943,1
83.0471,27.9424,0
80.7131,28.7114,0
81.6207,28.4471,0
84.2221,27.5411,0
82.1701,27.8923,1
81.3134,28.6625,0
81.2986,28.7415,0
81.3134,28.6625,1
83.9017,27.6266,0
81.4687,28.3886,0
81.5969,28.3175,1
82.0918,28.474,0
80.3224,28.8158,0
81.0503,28.9402,0
81.524,28.4849,0
81.1884,28.6581,0
82.0159,28.0784,0
84.7982,27.2952,1
81.4376,28.4177,1
82.0224,28.1929,0
81.2745,28.5586,1
81.1723,29.0079,0
85.9378,27.1285,1
81.7261,28.2422,0
80.5315,29.1372,0
81.1684,28.6772,0
81.4108,28.9003,1
81.3764,28.5811,0
80.5189,29.1267,0
82.8881,27.9159,1
81.1739,28.864,0
80.5517,28.9047,0
80.5527,29.0387,0
82.8897,28.0605,0
80.2039,29.1088,0
80.2019,28.805,0
81.6805,28.3849,0
83.9128,27.5177,0
84.8066,27.2418,0
80.473,28.7382,1
81.5507,28.2403,0
83.0943,27.721,0
81.8435,28.1225,1
80.9705,28.9756,0
82.1452,28.0096,0
81.7688,28.2637,0
80.3838,29.111,0
81.5153,28.4662,0
81.612,28.4185,1
81.524,28.3679,1
80.5324,29.0454,1
85.0661,27.2235,1
84.0428,27.5288,0
80.8601,29.0369,1
84.2141,28.1883,1
81.3471,28.5843,0
82.3161,28.322,1
80.4489,28.8083,0
81.4719,28.3998,0
84.3928,27.5603,0
81.9802,27.9604,0
81.0718,28.8909,0
82.2329,27.9731,0
87.6098,27.5177,0
80.2727,29.1291,1
81.5054,28.4074,0
81.9067,28.1198,0
82.0975,28.1251,0
85.7125,27.039,0
80.4104,28.7748,1
81.2813,28.5792,1
81.472,28.4523,0
83.235,27.6806,0
81.6792,28.5142,1
81.0794,28.8913,0
81.5276,28.3293,1
82.7286,27.6748,0
81.284,28.578,0
82.4804,27.7904,0
82.8535,27.9866,0
81.3752,28.8737,1
81.3345,28.4958,0
82.1767,27.9512,0
82.6866,27.8869,0
81.2653,28.5374,0
81.4687,28.4813,1
84.5459,27.4136,0
81.4157,28.5734,1
82.0984,28.1002,0
80.8286,28.941,0
80.6512,29.1289,0
81.3461,28.5665,1
80.3762,29.0233,1
82.8585,27.9369,1
81.4474,28.6096,0
81.4727,28.4305,0
82.0041,28.1166,0
84.2133,27.522,0
82.8781,27.9145,1
80.5793,29.1172,0
81.5448,28.3711,1
80.4398,29.1085,0
80.1721,28.8596,0
81.7223,28.2586,0
81.8125,28.1088,0
80.8628,28.8503,0
82.3013,27.9622,0
81.2631,28.5309,0
81.5257,28.7348,0
83.8136,27.6831,0
80.7004,28.7093,0
80.4819,29.1969,0
80.4381,28.8107,1
82.0722,28.0609,0
82.8819,28.0674,1
81.5107,28.6765,1
80.3122,29.0382,0
80.8806,28.6277,0
81.3313,28.8972,1
83.5038,27.6476,0
81.7771,28.253,0
80.8345,29.3103,1
84.2209,27.5401,0
81.208,28.9848,0
80.5189,29.1267,0
80.8671,28.6448,1
81.5895,28.9083,1
81.7112,28.2985,1
86.8041,27.009,0
81.3846,28.3429,0
82.89,27.6876,0
82.1808,27.9215,1
83.5452,27.6498,0
82.5432,27.9641,0
82.0303,28.566,0
84.1201,28.0651,0
80.5873,28.9067,0
81.9456,28.063,1
80.8831,28.5489,1
81.8281,28.3321,1
81.5293,28.3236,0
81.5363,28.4747,0
82.4263,27.9417,0
81.5925,28.3732,0
85.362,27.4295,1
80.7134,28.6455,0
81.4877,28.2956,0
81.9176,28.1168,0
81.4037,28.9007,0
80.6389,29.4298,0
80.8271,28.9512,0
80.5307,29.0547,1
80.6261,29.1067,0
81.3946,28.4495,0
80.6467,28.6833,1
82.3813,27.8217,1
80.6469,28.7105,0
84.6514,27.5122,0
86.7931,26.7477,0
81.5733,28.3365,0
81.4284,28.4829,1
81.3282,28.6074,0
81.9209,27.9086,1
81.4238,28.4716,1
84.9807,27.2189,0
80.7319,28.664,0
81.6189,28.4284,0
86.0393,27.0326,1
80.7004,28.7093,0
81.6422,28.418,0
80.5517,28.9047,0
82.6655,27.7696,0
80.7767,28.6399,1
80.1513,28.8981,1
80.6984,28.6946,0
81.2771,28.5392,0
80.6155,29.0316,0
82.1804,28.0141,0
81.1873,28.9729,0
84.7039,27.8323,1
81.928,28.165,0
82.2829,27.8483,0
86.6829,27.3602,1
82.4806,28.2358,1
81.5192,28.4098,0
81.8202,28.1281,1
81.495,28.6997,1
84.9714,27.2113,1
83.1135,28.1366,1
85.6893,27.0334,1
87.1774,27.1465,0
81.2847,28.5274,1
81.4551,28.8803,0
82.1625,28.4285,0
80.541,28.969,0
81.1902,28.8668,1
81.5427,28.4776,0
80.5576,28.891,1
80.6371,29.021,0
80.7945,28.7847,1
81.3073,28.5832,0
84.3866,27.5542,0
81.8476,28.1417,1
81.9108,28.1125,1
84.7858,27.2696,0
80.7945,28.7847,0
81.225,28.6018,0
84.6612,27.5043,1
81.6244,28.5008,0
81.9605,27.9926,1
81.4877,28.2956,0
84.8742,27.2313,0
81.5363,28.4747,0
80.6447,29.1344,0
81.9543,28.1262,1
80.6598,28.7127,1
82.5325,27.9624,0
82.4082,27.921,0
80.3013,29.1129,0
82.3813,27.8217,0
81.7079,28.2671,0
80.417,29.0172,0
81.463,28.7339,0
80.3859,29.0169,0
82.2047,28.305,0
80.2857,29.1058,0
84.0792,27.5151,0
81.1269,29.1414,1
84.6638,27.5374,0
84.8949,27.2635,0
81.4888,28.4948,1
81.7549,28.2058,0
81.8921,28.5801,0
82.0247,28.3759,0
82.1835,28.7033,1
80.8191,28.6323,1
81.3634,28.508,0
81.485,28.3875,0
82.8049,27.9025,0
81.7231,28.2299,0
81.9456,28.063,1
84.8777,27.262,0
80.4401,28.9694,0
82.8575,27.941,0
80.7178,28.6387,0
80.4115,28.7727,0
81.8178,28.3281,1
81.3319,28.7055,1
80.4648,28.7527,0
81.4002,28.5767,1
81.4345,28.8914,0
80.4292,29.1057,0
81.8963,28.2808,1
80.8415,29.3056,0
86.7153,26.6821,0
81.5952,28.4611,0
81.1857,28.9818,1
81.4335,28.4248,0
82.2053,28.5946,1
80.7591,28.9981,0
81.8833,28.1118,0
81.4773,28.4296,0
83.1646,27.74,1
80.513,28.9597,0
80.2993,29.2036,0
81.1253,28.7097,0
81.4899,28.3513,0
83.9017,27.6266,0
80.4426,28.7717,1
80.4454,29.1023,1
80.4448,28.8192,0
81.9176,28.1168,0
82.6704,27.9144,1
81.4787,28.4545,1
80.2701,29.0188,1
82.1066,28.0525,0
86.6837,26.7619,1
81.3134,28.6625,0
81.1592,28.9175,0
81.6983,28.246,0
81.3116,28.586,0
80.8907,28.8728,0
82.6513,27.7836,0
82.2339,28.2669,0
80.5018,28.9615,1
81.8159,28.2474,1
81.2522,28.505,0
81.4924,28.7306,0
81.9812,28.0873,1
82.8155,28.101,0
80.3879,29.1089,0
86.0364,26.9895,0
84.4225,27.5537,0
81.4704,28.3797,0
81.1221,28.7008,0
82.0379,28.081,0
83.5307,27.7229,0
81.2362,28.9253,1
83.0949,27.6733,0
82.1576,27.8937,0
80.7429,29.0688,1
80.4705,29.0747,0
80.8474,28.5813,0
81.1858,29.0015,1
84.8492,27.2838,0
84.8056,27.3411,1
81.4038,28.4409,0
84.4761,27.5546,1
80.4398,29.1085,0
81.4555,28.7176,0
81.4582,28.4771,0
81.4628,28.4311,0
80.6213,28.9484,0
80.5453,29.1922,0
82.084,28.3624,0
81.363,28.8302,0
82.6824,27.9159,0
80.2448,29.0776,1
81.8125,28.1088,0
81.6679,28.3433,1
84.8317,27.9784,0
80.2003,28.8997,0
80.9909,28.93,0
82.1427,28.3493,0
80.6268,28.9947,1
84.9208,27.2619,0
81.4586,28.3872,0
81.2965,28.5495,0
81.8535,28.1564,0
85.6372,27.3863,1
83.1646,27.74,0
85.7178,27.6821,1
82.1921,28.2511,0
81.2738,28.7857,1
81.4449,28.8864,1
81.5362,28.3542,1
82.9091,28.0549,1
81.0706,29.0167,0
84.0478,27.5303,0
82.8643,27.775,1
82.1747,27.9227,0
81.3658,28.5054,0
81.4675,28.8885,0
83.0604,27.6924,0
81.6988,28.3206,0
81.6274,28.4067,0
80.6565,28.9789,0
81.7228,28.2736,0
82.0489,28.4367,0
81.3651,28.6587,0
81.657,28.5446,1
80.4874,29.0114,0
81.1873,28.9729,1
81.6798,28.2933,0
82.0115,28.3809,1
80.4552,29.0879,1
80.167,28.886,0
83.9221,27.4933,1
81.1055,28.7195,1
80.986,28.8847,1
84.9458,27.2503,0
81.5553,28.3727,0
81.8997,27.9611,0
81.8254,28.1335,0
81.2819,28.5682,0
82.5356,27.9497,1
81.6533,28.3937,1
82.5389,27.9374,0
82.9794,28.1696,0
81.2735,28.5284,0
84.8063,27.2693,0
86.0324,27.0151,0
81.6591,28.5585,1
81.9458,28.179,0
81.9534,28.1367,1
85.8434,27.0159,1
82.0748,28.4379,0
85.7807,27.009,0
81.1379,28.8094,0
84.214,27.5188,0
86.3617,27.0095,0
84.5477,27.4044,1
82.1848,28.5883,0
81.5968,28.3232,0
83.1513,28.3177,1
84.6187,28.1235,0
80.6179,29.3673,0
82.3086,28.8056,0
81.9534,28.1367,0
81.4781,28.3493,0
81.668,28.4011,0
81.1623,29.0841,1
82.6741,27.727,1
81.9456,28.063,0
80.5022,29.033,0
81.3206,28.5529,0
81.6902,28.2956,0
86.6306,26.7278,0
85.7051,27.0377,0
81.413,28.5425,1
81.3033,28.8147,1
80.4792,29.0095,1
80.683,28.926,0
85.6666,27.0599,0
84.2386,27.5305,0
84.9044,27.2898,0
82.0704,28.416,0
80.8683,28.5458,0
82.7817,27.7758,0
81.8584,28.3394,0
83.1852,28.099,0
83.0323,27.6784,0
80.4928,29.1863,0
81.3021,28.5334,0
86.5895,26.7651,1
81.9409,28.0964,0
81.9374,28.1142,0
85.903,27.0905,0
81.5136,28.4758,1
81.7215,28.3201,0
82.6034,27.9358,0
82.9305,27.7241,1
82.0896,28.0723,1
83.1646,27.74,0
80.4339,29.0146,0
82.2061,28.3141,0
81.5607,28.3283,1
80.8581,28.6684,0
84.83,27.3112,0
81.5803,28.5287,1
85.881,27.1231,0
82.2782,27.9804,0
82.285,28.3252,0
80.1658,28.8502,0
81.4943,28.3168,0
80.2727,29.1291,0
87.7839,27.3934,0
82.4831,27.9482,0
82.1689,28.0119,0
80.7225,29.0513,0
80.443,28.9508,0
80.4281,29.0157,0
81.9216,28.1362,0
81.4743,28.521,0
80.4568,29.0732,1
81.2819,28.5682,0
81.8422,28.1582,0
81.8732,28.3582,0
82.0831,28.4253,1
80.4789,29.0067,1
80.8183,28.962,0
82.8571,27.7767,0
85.8031,26.9959,0
80.1872,28.8342,0
82.9608,27.7327,1
82.9123,27.8305,0
80.4568,29.0732,0
85.8823,27.102,0
81.4783,28.5658,1
82.9222,28.0039,1
81.4705,28.9888,1
80.2955,28.8066,0
84.4563,27.556,0
82.1102,28.0343,0
84.2224,27.5256,1
84.0735,28.0186,0
80.4448,28.8192,0
80.2827,29.1235,1
82.3879,27.8235,0
82.1385,28.5244,0
81.2761,28.5487,1
81.6337,28.3715,1
81.3977,28.7079,1
80.4541,29.3102,0
81.4478,28.8891,1
80.728,28.6402,1
80.6309,28.9477,0
81.3105,28.7818,1
87.4822,26.6659,1
82.3914,27.8232,1
81.4253,28.4313,0
80.711,28.6744,0
82.4284,27.8105,0
80.3612,29.0675,0
80.3062,28.8555,0
82.0704,28.416,1
81.0727,28.9108,0
82.8049,27.9025,1
80.62,29.072,0
80.4957,28.961,0
80.5453,29.1922,0
81.1521,28.6909,1
81.9935,28.6535,0
85.881,27.1231,1
82.3256,27.9586,0
84.7979,27.3419,0
81.53,28.3526,0
82.0971,27.9624,0
81.7673,28.2306,1
84.7963,27.2679,1
86.7353,26.7104,1
84.6514,27.5122,0
82.8088,28.0132,1
80.6972,28.6937,1
80.8916,28.5428,0
80.4812,28.7295,1
82.0457,28.2491,0
81.298,28.6167,1
84.1154,27.5402,0
83.1772,27.7345,1
80.6658,28.943,1
86.6931,26.7473,0
84.4899,28.3495,0
80.7818,28.6337,1
82.1516,27.9344,0
81.7609,28.687,0
86.3617,27.0095,1
81.9825,28.6553,1
84.9036,27.8668,0
82.7636,27.7208,1
80.3097,29.0234,0
80.6819,29.0666,1
81.4037,28.9007,1
80.8432,28.6615,0
80.8183,28.962,1
81.3884,29.0204,0
85.1279,27.9166,0
81.3143,28.564,0
85.7048,27.0305,0
80.167,28.886,0
81.4835,28.6978,1
84.9032,27.2294,0
82.8571,27.7452,0
81.8254,28.1335,0
81.9438,28.2669,1
85.262,27.1517,1
84.0822,27.5128,0
80.6504,29.1413,0
81.0652,28.8953,1
87.5857,27.1115,1
81.7259,28.4336,1
81.307,28.548,0
87.7747,27.4701,0
84.9631,27.1825,1
81.3848,28.9615,0
84.9744,27.2761,1
80.4495,29.1902,0
80.3938,29.0576,0
82.0942,28.0465,0
80.8525,28.7895,0
84.9807,27.2189,0
80.1902,29.1054,0
80.6857,29.4494,0
86.4533,27.2634,0
81.4634,28.6048,0
86.5552,26.9125,0
83.3008,27.7527,1
82.1757,27.9302,0
82.1004,28.5039,1
81.5991,28.4476,0
80.1902,29.1054,1
80.3859,29.0169,0
82.0695,28.4269,0
81.4687,28.4813,0
80.8788,28.6369,1
81.935,28.4674,0
84.5354,27.4119,1
84.2211,27.5298,0
82.3985,27.937,1
84.8404,27.2573,1
81.7956,28.4991,1
80.6908,28.9103,1
84.0428,27.5288,0
83.0471,27.9424,0
81.6618,28.4944,0
81.6674,28.3171,0
81.8634,28.1364,1
82.5457,27.9144,0
81.1822,28.9969,0
81.7608,28.34,0
81.4608,28.751,1
82.857,27.9246,1
81.524,28.4849,1
81.852,28.112,1
81.4477,28.511,1
85.6976,27.0336,0
83.5776,28.5035,0
85.11407386,28.12024217,0
83.20624656,28.5585854,0
84.17869114,28.43505111,0
81.89602654,29.55962507,0
81.89323992,29.42169318,0
82.02596278,29.5144547,0
83.23830132,28.51117331,0
82.638,29.2557,0
83.43935318,28.5344073,0
84.6199,28.2796,0
81.90777972,29.32496326,0
82.13916973,29.38647769,0
86.9098,27.4605,0
81.8157,29.9003,0
85.49662602,27.96990017,0
85.67639157,28.03080182,0
81.0152,29.668,0
82.1981,29.6429,0
82.1724,29.6805,0
81.38211458,29.63661623,0
84.4118,28.4532,0
82.14416422,28.99418992,0
87.89527577,27.61445953,0
81.271,29.6943,0
80.9825844,29.79744041,0
81.5536,29.4093,0
83.64786337,28.69290152,0
84.8380763,28.49945603,0
81.87542885,29.12490449,0
87.8787,27.5187,0
81.4426,29.7828,0
87.4517,27.4884,0
86.87150637,27.59434854,0
84.4347,28.6116,0
82.37908708,29.26247807,0
84.9376,28.3841,0
84.4321,28.4949,0
86.73032128,27.65546353,0
82.9033784,28.62254172,0
83.3582,28.5662,0
81.9675,29.0545,0
82.0102,29.0236,0
83.0486,28.5077,0
81.567,29.3763,0
83.7164625,28.74071886,0
82.6345,29.0058,0
85.9618452,27.83118974,0
82.46974175,28.94627554,0
81.17213872,29.64142563,0
85.59635007,28.06476496,0
86.37883407,27.64648426,0
85.1877,28.1997,0
82.0857,29.0321,0
82.209295,29.20519641,0
81.99263088,29.50499295,0
82.3581,29.4636,0
81.88961556,29.73400743,0
81.1836,29.7321,0
85.696,28.0342,0
86.74755259,27.68343359,0
82.0854,29.836,0
87.13438098,27.65798277,0
86.53324481,27.47745683,0
81.41451403,29.708153,0
84.8244,28.2622,0
82.10946828,29.20421132,0
82.8717,28.891,0
86.47898686,27.62888343,0
82.0159,29.0194,0
87.547,27.6469,0
84.9113,28.4603,0
87.5746,27.7634,0
83.29470585,28.59035638,0
81.1084,29.6676,0
87.44055956,27.48602397,0
86.7288,27.7483,0
86.4515225,27.51486081,0
82.9389,28.965,0
82.59523498,28.75486073,0
81.64804777,29.37128699,0
82.00617007,29.56565501,0
84.9542189,28.12454851,0
83.21824928,28.57554555,0
87.91163767,27.56102315,0
84.0333596,28.41594906,0
82.2099247,29.44871072,0
82.0666,29.0235,0
82.8794,29.1158,0
82.00367113,29.14836098,0
87.03712053,27.60459003,0
87.47504405,27.42140493,0
80.996,29.604,0
81.3598,29.7403,0
82.5454,28.7398,0
82.3979,28.9214,0
84.47294797,28.62170258,0
82.9681,28.745,0
86.48857153,27.51628351,0
82.2763,29.4987,0
83.1272,28.5041,0
81.7544,29.809,0
87.5673,27.6579,0
81.93357748,29.1061766,0
81.62562398,29.56781497,0
82.88305239,28.61197326,0
84.4588,28.4712,0
81.3626,29.7709,0
81.9705004,29.50707628,0
81.3967,29.6348,0
86.49385047,27.52102056,0
85.70399241,27.92369344,0
82.092,29.0325,0
83.1295,28.5148,0
82.11338614,29.10757326,0
87.88097971,27.52295215,0
82.55643215,29.10658257,0
81.8222,29.7858,0
81.1958,29.7335,0
85.7124,28.0231,0
82.21,29.0691,0
82.91196297,28.51701075,0
82.0903103,29.03610775,0
83.1286,28.5813,0
85.56872635,27.9917779,0
84.34695296,28.43751091,0
82.0836,28.9624,0
84.7275,28.4306,0
82.3013952,29.57463715,0
82.2945,29.7439,0
82.7289,28.8063,0
81.89459677,29.05181738,0
85.42907511,28.17910555,0
84.3854,28.6229,0
82.8721,29.1244,0
82.25799061,29.00998857,0
85.97425532,27.83615293,0
86.25616223,27.85509408,0
81.34956828,29.75044419,0
81.7524,29.804,0
85.1731,28.2196,0
84.4366,28.479,0
82.4419,29.3376,0
83.0133,28.7344,0
81.88577043,29.89477822,0
87.82861622,27.47770068,0
81.90352551,29.72963137,0
83.2026,28.6226,0
81.55239071,29.55844697,0
81.79534587,29.70555033,0
82.87918146,28.53554074,0
81.7863048,29.44285226,0
81.375,29.7695,0
86.4535,27.7579,0
87.64114591,27.60934777,0
84.8332,28.3661,0
81.96346813,29.73403247,0
82.01057088,29.79736182,0
81.49548397,29.3770749,0
86.28679674,27.89568934,0
83.0386,28.5063,0
82.13019924,29.37881632,0
81.7629,30.0625,0
88.0068,27.4231,0
81.7689,30.0606,0
83.276,28.6083,0
81.4848939,29.36990094,0
86.52236085,27.51494973,0
82.14882164,29.86013384,0
84.6485,28.6521,0
81.3593,29.5413,0
84.4377,28.4741,0
82.87233647,28.59057204,0
82.20474929,29.41792387,0
81.91784044,29.01296814,0
84.4396,28.5255,0
81.8287,29.8988,0
82.73473631,28.75059343,0
85.3050866,28.06641131,0
82.38874928,29.14144078,0
82.02331824,29.37149632,0
83.0151,28.7256,0
82.11874619,29.63312915,0
82.84648369,28.74904605,0
81.69044132,29.802367,0
81.7648,29.8112,0
87.30629313,27.65983919,0
83.12581356,28.52052162,0
81.5535,29.6194,0
85.15039335,28.1424602,0
81.36982643,29.74529565,0
81.02038826,29.76251911,0
82.03248074,29.3846697,0
81.87801767,29.25416076,0
85.35030774,28.10412421,0
82.62235069,28.71430516,0
81.93100156,29.01306755,0
83.1313,28.464,0
82.09473373,29.37598583,0
82.2993,29.1713,0
81.5183,29.5851,0
82.04955347,29.28362035,0
82.297,29.4282,0
86.51533956,27.59544969,0
83.0251,28.727,0
87.51422416,27.30374225,0
82.3045,29.7425,0
87.584,27.7601,0
82.9425,29.101,0
81.97875297,29.86874256,0
87.27561218,27.7980936,0
81.82156237,29.45789691,0
82.80778088,28.88490059,0
81.49130307,29.1691489,0
81.18242981,29.67021619,0
84.445,28.4851,0
82.85655858,29.00993197,0
82.06392638,29.39704331,0
82.37726044,29.11379266,0
82.9410735,28.39895995,0
82.33101946,29.26452302,0
82.63335933,28.73185593,0
81.7535848,29.02378307,0
82.9531,28.7191,0
86.59283124,27.60937375,0
81.7601,29.8036,0
82.82364855,28.46396773,0
84.9257,28.4858,0
81.96373392,28.97326972,0
83.27,28.6099,0
81.7533,30.0577,0
82.3782,28.9379,0
85.7111,28.0232,0
82.849,28.7818,0
81.33397698,29.52269256,0
80.9624,29.9107,0
85.2233073,28.17721816,0
82.1534638,29.4007812,0
82.296,29.4074,0
82.0834,29.0257,0
86.7271,27.7507,0
82.18241169,29.43168041,0
87.83781337,27.62935386,0
83.0068,28.6752,0
82.20725507,29.45492959,0
87.67060508,27.58977004,0
82.19632344,29.49185948,0
82.0875,29.0275,0
81.780151,29.05992331,0
84.82811796,28.35472165,0
81.76373014,29.18268753,0
81.259379,29.83935096,0
82.86983947,28.4236852,0
85.37070414,28.00925232,0
84.432,28.4675,0
83.36840376,28.60107464,0
82.04713434,29.1129108,0
81.7552,29.7825,0
81.46717387,29.35848324,0
82.27180699,29.33267794,0
81.80730766,29.03337431,0
81.8126,29.9846,0
82.85200557,28.53054957,0
81.94928766,29.03235943,0
82.2929,29.2948,0
81.0294,29.6694,0
84.6393,28.6561,0
83.06851348,28.61433284,0
83.2658,28.6006,0
82.54815068,28.79305447,0
85.13436298,28.19142614,0
87.59116792,27.57488255,0
81.95199136,29.50441996,0
81.41172893,29.28159415,0
84.4248,28.5271,0
82.26899,29.36905216,0
82.55781072,29.09911974,0
84.3973,28.6267,0
82.69504787,29.04317336,0
86.27914266,27.89339915,0
87.99361975,27.47026483,0
81.4452694,29.29246612,0
81.74932671,29.76251763,0
82.00073109,28.90933872,0
86.01964726,27.79635877,0
81.0115,29.7032,0
82.42710897,29.0454755,0
83.03132837,28.52613151,0
80.64637325,29.85323127,0
86.25310329,27.80024854,0
82.0778,29.0962,0
82.31999171,29.60306348,0
81.88354294,29.13243358,0
82.63763865,28.74541599,0
81.90787276,29.4734841,0
82.49108453,29.0425961,0
82.99124879,28.35324857,0
87.91062056,27.52892456,0
87.7201,27.7708,0
82.15383414,29.73816691,0
82.5876,28.8059,0
82.01567521,28.9282333,0
82.44924208,29.02144958,0
85.55497025,28.03650607,0
82.21502731,29.41395484,0
81.61538407,29.41550007,0
86.90570068,27.38306407,0
82.01565615,29.13946288,0
87.7128,27.7795,0
82.32,29.2672,0
82.32794259,29.32644617,0
82.53571771,28.7453437,0
87.49129444,27.49338427,0
87.53767785,27.7575335,0
81.53489171,29.30350886,0
82.08644668,29.56323305,0
82.13967822,29.46724301,0
82.90446975,28.44931183,0
85.21211021,28.17829292,0
82.09221024,29.65052058,0
81.8561499,29.1204575,0
