latitude,longitude,GG
27.18892911,84.90302946,0
27.55433329,84.19913063,0
27.17105087,86.00132474,0
27.40834755,85.09163423,0
27.11743291,85.22940471,0
27.41119193,84.78702957,0
27.34739141,85.25364064,0
27.55348222,85.39099307,0
27.1969092,86.32033279,0
27.40709005,85.4971619,0
27.2992057,85.4786204,0
27.14367404,86.02052492,0
27.4274523,85.61552684,0
27.28371794,85.49045628,0
27.32879562,85.16320874,0
27.19299263,85.93124241,0
27.476462,85.09150438,0
27.22105734,84.82145702,0
27.51314769,85.19455428,0
27.53246797,84.2507965,0
27.70873877,84.52370559,0
27.33205704,85.88176455,0
27.78371597,84.7201948,0
27.48848281,85.25979125,0
27.43679254,85.46692595,0
27.70898657,84.70450207,0
27.63988853,85.25809903,0
27.16264232,85.41693255,0
27.66631261,84.94314295,0
27.63943424,85.45247661,0
27.53841102,85.45860883,0
27.57193738,85.42147072,0
27.44625341,85.23244679,0
27.40874915,85.43115139,0
27.71668454,85.16476371,0
27.3724619,85.55888746,0
27.29337692,85.22613558,0
27.39820387,84.31856514,0
27.2358387,85.50771629,0
27.26148883,85.78913245,0
27.4425342,84.52716477,0
27.37638641,84.80958248,0
27.55536307,85.52757432,0
27.74549433,84.48776394,0
27.51156642,84.43891395,0
27.62746591,85.15420721,0
27.59779478,84.43924027,0
27.50505742,85.21417348,0
27.38421885,85.75128283,0
27.75833218,84.80623027,0
27.27768517,84.97991455,0
27.24012821,84.93352206,0
27.52194363,85.17238191,0
27.43454718,85.6040403,0
27.19520377,86.06499992,0
27.17367012,85.96863251,0
27.75930207,84.48756047,0
27.42346492,84.60899815,0
27.22231997,84.85874468,0
27.57721515,85.57844337,0
27.49294998,85.31375836,0
27.41174566,84.48614543,0
27.57907132,85.32478701,0
27.34202954,84.7062824,0
27.43912853,84.779621,0
27.11325115,86.27680259,0
27.40713167,85.74145948,0
27.33634864,84.94132022,0
27.27176507,85.8219876,0
27.2317045,85.25998216,0
27.62054669,84.65103319,0
27.54245237,84.87907188,0
27.41447539,84.64523362,0
27.3993484,85.29563862,0
27.51030564,84.78402809,0
27.15012318,85.98305344,0
27.49843091,84.49101627,0
27.25655839,84.95662584,0
27.40358171,85.37197861,0
27.26344938,84.91042691,0
27.35742197,85.54393936,0
27.33722362,85.66124629,0
27.5889677,84.89894878,0
27.47134403,84.41593638,0
27.42134251,84.72171196,0
27.70213156,84.85369355,0
27.51954407,83.99185602,0
27.36196961,84.76262903,0
27.72720199,84.51488004,0
27.34794377,84.81991546,0
27.6169109,85.01867641,0
27.61617317,85.36916689,0
27.6242807,85.22319019,0
27.27804361,85.32730848,0
27.39307514,85.23140465,0
27.08007698,86.36443554,0
27.34732078,84.8448101,0
27.09864053,86.02233036,0
27.39223798,84.32279863,0
27.36427874,85.35066044,0
27.55188028,84.78910957,0
27.23198036,86.15383937,0
27.22203488,84.78539803,0
27.63334266,85.01714683,0
27.52442718,84.63962921,0
27.6982512,84.57881408,0
27.4631971,85.54511247,0
27.75047417,84.98459966,0
27.53308686,84.20211585,0
27.39703361,84.88884273,0
27.79942446,84.52565194,0
27.3447832,85.74324856,0
27.33692761,85.69466341,0
27.5116517,85.11061067,0
27.45799248,84.93262626,0
27.71122821,84.43561699,0
27.47541005,84.79352323,0
27.79968683,84.6230716,0
27.34381744,85.20986206,0
27.27969395,85.02433466,0
27.81648514,84.56897807,0
27.53006426,84.09270497,0
27.16409404,85.41344523,0
27.07434176,86.14003002,0
27.29208765,84.86614355,0
27.37202376,84.84368456,0
27.37590785,84.53640846,0
27.33089556,85.40514383,0
27.71276177,84.59948784,0
27.03051391,86.22687453,0
27.37341322,85.61697754,0
27.38129801,84.32491718,0
27.3386174,85.61124868,0
27.3360835,84.69753496,0
27.49348783,84.42196344,0
27.3840713,84.58009144,0
27.3158695,84.9761336,0
27.43648903,84.68341963,0
27.66518414,85.00814187,0
27.61898909,84.70025592,0
27.66448494,84.8006789,0
27.08146535,86.0980915,0
27.22911561,85.30159743,0
27.47225189,84.5630549,0
27.52794381,84.24194735,0
27.46026927,84.24535076,0
27.13506174,85.26214213,0
27.29814226,85.64993775,0
27.22215625,85.98705249,0
27.44503304,84.68909886,0
27.6148963,85.13785412,0
27.31212661,84.7928258,0
27.32153751,85.3440425,0
27.46199469,85.28419703,0
27.31884773,84.75301743,0
27.34974732,84.94157601,0
27.43435777,84.85337928,0
27.68922481,84.81894792,0
27.2617722,84.73699822,0
27.0762545,86.08133466,0
27.13377473,86.17780398,0
27.47830361,85.19920485,0
27.07282739,86.07212417,0
27.33189576,85.64384196,0
27.43019708,85.35888109,0
27.31707275,85.21911469,0
27.37921584,85.44757679,0
27.68107756,84.77112781,0
27.75039386,84.61202446,0
27.43712775,85.03456396,0
27.35968621,85.707752,0
27.51370363,84.36374889,0
27.59075738,85.04163481,0
27.55147717,85.04452175,0
27.41592371,84.40073052,0
27.25310733,84.91630651,0
27.28567779,85.16764818,0
27.53654677,85.18855845,0
27.31992318,84.95656166,0
27.8084921,84.45875534,0
27.57467378,84.76004039,0
27.55405069,85.60279244,0
27.05024352,86.45225796,0
27.54509334,85.34645977,0
27.49746865,84.58803041,0
27.48942128,85.59103772,0
27.21223539,85.40170518,0
27.7170343,85.07988394,0
27.80883781,84.53391963,0
27.50080702,84.34355644,0
27.50561113,84.87882776,0
27.22534487,86.04907942,0
27.51515612,84.83828932,0
27.48523078,85.5220474,0
27.56231564,85.57324476,0
27.46896841,85.58563147,0
27.5509897,85.45757303,0
27.37578563,84.82702164,0
27.49547976,84.35573901,0
27.26667932,85.45347928,0
27.40652713,84.34113263,0
27.10752841,85.97798214,0
27.58238572,84.90647438,0
27.49014875,84.65681194,0
27.72260792,85.00471223,0
27.38302121,84.64874731,0
27.40494729,84.84236264,0
27.19958519,84.98156209,0
27.25676141,85.82458787,0
27.68085194,84.58949015,0
27.67331524,84.72146021,0
27.53228077,84.89105751,0
27.47106728,84.98687002,0
27.73575352,84.68934965,0
27.6681328,84.96721369,0
27.73813663,85.26393712,0
27.66499585,84.90396344,0
27.39009068,84.75485754,0
27.21034394,85.38988245,0
27.26372486,85.30838146,0
27.60669975,85.11917932,0
27.30719759,84.71791265,0
27.26668645,85.73640278,0
27.4054491,84.80886121,0
27.50957797,84.8527536,0
27.50710718,84.24596993,0
27.77077679,85.24004864,0
27.54311615,84.8901109,0
27.44954529,85.15358298,0
27.54228667,84.39382355,0
27.77997462,84.71144161,0
27.19429457,84.89737592,0
27.47391482,85.09643008,0
27.36404039,85.67066081,0
27.56169456,85.25011328,0
27.10760377,86.28850225,0
27.26168458,85.12871012,0
27.55929328,85.27997285,0
27.49801645,84.35403702,0
27.34402358,85.25772196,0
27.50556724,85.41067289,0
27.38567198,84.52520465,0
27.83639431,84.63233355,0
27.17257322,85.91569645,0
27.19175387,85.00432961,0
27.27078638,84.83125085,0
27.65826505,84.7317841,0
27.64101006,84.84448094,0
27.75483078,84.66377716,0
27.50324418,84.90179258,0
27.31519171,85.14467203,0
27.27663064,84.80104242,0
27.68336508,85.0381248,0
27.29831487,85.06985519,0
27.39660612,84.64581731,0
27.4494932,84.67136784,0
27.79222937,84.54658192,0
27.27502172,85.76045803,0
27.60398849,85.17653379,0
27.66052499,84.83317346,0
27.74359114,84.84997583,0
27.17930755,85.43376333,0
27.82213712,84.65832859,0
27.40007608,84.40998424,0
27.58142093,85.34914521,0
27.47670395,85.64732048,0
27.7423611,84.57651627,0
27.80201006,84.85741667,0
27.68301796,84.7208421,0
27.25047922,84.82624238,0
27.08219084,86.41085794,0
27.65971312,85.10560459,0
27.25276804,84.78891641,0
27.62716514,84.43508258,0
27.21975287,86.10802027,0
27.1519286,86.08875587,0
27.53924319,84.68262023,0
27.67560184,85.09806478,0
27.50744991,84.47654194,0
27.34761669,85.47015226,0
27.71693762,84.48023947,0
27.69938565,84.97760987,0
27.00612665,86.28086132,0
27.22938382,84.74179072,0
27.09628043,86.06314918,0
27.28488311,85.74749617,0
27.51218436,85.41764323,0
27.28253413,84.70086049,0
27.30090667,85.66874098,0
27.34738108,84.88630562,0
27.40389445,84.29271078,0
27.44378504,84.63488255,0
27.64449161,85.22905873,0
27.38908357,84.36067412,0
27.53315765,85.18986567,0
26.95977045,86.42081504,0
27.24296793,84.76548862,0
27.40695572,84.75395287,0
27.52618499,84.39478514,0
27.12436341,86.26051758,0
27.20895452,86.19589826,0
27.22858869,85.39225745,0
27.73467088,84.46725002,0
27.39432535,84.90904474,0
27.43749049,85.22849993,0
27.05649046,86.40617747,0
27.47429058,84.87738398,0
27.68383199,84.97572156,0
27.47215957,84.91739211,0
27.60306483,84.41474357,0
27.53569076,83.93257497,0
27.38182588,85.51216814,0
27.57558428,84.87497152,0
27.54934978,85.09556491,0
27.42106269,84.57333069,0
27.34604746,85.20375969,0
27.57387411,84.84651073,0
27.75478127,85.0292758,0
27.59629929,85.07158517,0
27.47836899,83.98471509,0
27.50150902,84.42159335,0
27.49540761,84.99780169,0
27.66290899,85.08776943,0
27.19076498,86.16311534,0
27.54013419,84.05709455,0
27.59615664,85.12551682,0
27.81580757,84.63291758,0
27.26444448,85.44961914,0
27.61274256,84.89942013,0
28.36484549,82.81140095,0
28.26128735,82.88849339,0
28.24537967,82.92910225,0
28.31265011,83.11679781,0
28.1991872,83.19285739,0
28.36527046,82.83184835,0
28.28754431,82.97677182,0
28.25898355,82.95329363,0
28.41715222,82.85278596,0
28.35324857,82.99124879,0
28.37055497,82.91689309,0
28.31304983,82.97204666,0
28.33471442,82.96479151,0
28.35550012,82.92930615,0
28.32468181,82.86084689,0
28.2989506,83.1329679,0
28.23264756,82.95838645,0
28.39895995,82.9410735,0
28.37362709,82.80696913,0
28.231298,83.06492095,0
28.4236852,82.86983947,0
28.15155325,82.93162979,0
28.45665336,82.92505901,0
28.24992344,82.90120483,0
28.32309222,83.05544619,0
28.34252653,82.98421906,0
28.44931183,82.90446975,0
28.26272668,83.09978487,0
27.52271779,87.9254743,0
27.20682525,87.81967001,0
26.84589364,87.45614441,0
27.3402368,87.71965694,0
27.28542573,87.5894947,0
27.38889047,86.43191126,0
27.52892456,87.91062056,0
27.02200914,87.01547457,0
27.5385281,87.78351486,0
26.67171001,87.56273976,0
27.85509408,86.25616223,0
27.82973431,86.09972793,0
27.44918158,87.43327834,0
27.5479119,86.00857557,0
27.43352464,86.70737854,0
27.88974436,86.30976262,0
27.66997615,85.8758397,0
27.4987452,86.24040902,0
26.85089469,87.28083843,0
26.92279085,87.48544032,0
26.93959432,87.79991115,0
27.59536485,86.17042423,0
26.82847257,87.37680846,0
26.99458341,87.87257371,0
27.07146465,87.37823807,0
27.29444134,87.53236407,0
27.31979326,86.88255357,0
27.84863605,85.96301143,0
27.59280105,86.30791681,0
26.99358282,87.61549855,0
27.3584742,87.06093404,0
27.57309327,87.67831059,0
27.16580928,87.96235582,0
27.74452166,86.17880311,0
27.50639051,86.22564032,0
28.01673009,85.79620451,0
27.53347518,86.48037606,0
27.32546673,87.5327978,0
27.45876067,86.19610485,0
27.85255624,85.16154286,0
27.72033989,85.9619775,0
26.97966762,87.8468087,0
26.87188602,87.30142032,0
27.17520409,87.98992498,0
27.85492898,85.81262713,0
27.52933238,86.5518405,0
27.49338427,87.49129444,0
27.50309371,86.98975425,0
28.07106513,85.27298753,0
27.25584019,87.35073208,0
26.91130291,87.62315462,0
27.42140493,87.47504405,0
27.37057553,86.73373164,0
27.02079571,87.14418048,0
27.85198806,85.14129971,0
27.3394223,87.39335435,0
27.08363536,87.03392897,0
27.38172178,87.22832562,0
27.55162471,86.7020494,0
27.70814787,86.28162403,0
27.32568687,86.79372721,0
26.96084314,87.66086959,0
27.9917779,85.56872635,0
27.60459003,87.03712053,0
27.93283455,85.8333414,0
27.29720416,87.09435878,0
27.81547014,85.78036623,0
27.24362252,87.74325372,0
27.46642141,85.9619344,0
27.50766473,87.18491679,0
27.23752578,87.32452581,0
27.28343644,86.84092922,0
27.46847173,86.48227255,0
27.41144248,86.33477247,0
27.4871915,86.47592928,0
27.50510636,87.88248078,0
27.2118395,87.31201594,0
27.64384369,85.93933452,0
27.85779255,85.92872337,0
27.10869786,87.36567064,0
27.898077,86.28891304,0
27.33962539,87.90079425,0
27.52474187,87.02588378,0
26.91373023,87.58626458,0
27.44650085,87.62580115,0
26.93926088,87.38939556,0
27.8638327,85.22596969,0
27.08943259,87.76922653,0
28.04855462,85.3087453,0
27.96896576,85.61155424,0
27.17936717,87.08488308,0
27.8483014,85.30530807,0
27.09595096,86.81482864,0
27.26337828,87.66847626,0
27.67765718,86.09637994,0
27.62907512,86.66296259,0
27.29352649,87.85063949,0
27.5494234,85.98223515,0
27.40426643,86.43754478,0
26.68798682,87.56245554,0
27.39692513,87.67867434,0
27.15849179,87.20778967,0
27.84108636,85.47961469,0
27.1036628,86.959339,0
27.42837305,87.92586468,0
27.65680266,87.30628559,0
27.63876295,87.29084679,0
27.47745683,86.53324481,0
27.26053681,87.64631665,0
27.08343399,86.72873719,0
27.47289142,86.83906203,0
26.89162102,87.20341617,0
27.6172583,86.00929773,0
26.93754576,87.64507646,0
27.77278388,87.27032255,0
27.59220037,87.28058163,0
26.99379001,86.88898523,0
27.6265228,87.27396205,0
27.36758606,87.9832704,0
26.83985299,87.17115059,0
27.46141104,87.97640717,0
27.23938275,87.46896196,0
27.44885017,87.70930217,0
27.82421108,86.14185282,0
26.76063078,87.22449254,0
27.29665901,87.14580098,0
27.34209669,86.96560132,0
27.41951999,87.31294678,0
27.24786015,87.56195567,0
27.56870136,87.28169592,0
26.9041074,87.42375603,0
27.68486171,86.22605342,0
27.50732419,87.03185716,0
27.72678738,87.34190214,0
27.35465432,87.37348066,0
27.48081675,87.98859044,0
26.9333632,86.81914223,0
27.41408043,86.55761147,0
26.85072394,87.96640706,0
27.81664237,87.44655447,0
26.67989232,87.93075156,0
26.90901768,87.5204286,0
27.95504142,85.88128429,0
27.6251714,86.52167631,0
27.65698051,85.75087754,0
27.36480788,86.97820735,0
26.92609605,87.08912462,0
27.06818509,87.05650638,0
27.68845841,86.12113666,0
27.51472281,86.87907782,0
27.17052013,86.51983043,0
27.58977004,87.67060508,0
27.70754767,87.29427079,0
27.61621511,87.80930457,0
27.3688253,86.56337874,0
26.9884646,87.88697833,0
27.39922017,87.3642279,0
27.809287,85.12667114,0
27.96990017,85.49662602,0
27.71579428,85.80980257,0
26.8096553,87.44013927,0
27.37549584,86.31904951,0
27.08458678,86.95089967,0
27.82031771,85.94911192,0
27.44769799,87.38532743,0
27.51681071,86.35418302,0
26.85531637,87.50572977,0
27.01049395,87.27088848,0
27.59692672,86.19042627,0
27.29977423,87.76984932,0
27.65355788,86.65768048,0
27.12955849,87.89690283,0
27.39884187,87.60011811,0
27.52295215,87.88097971,0
27.21233798,87.87331147,0
27.89964131,85.82509322,0
27.89568934,86.28679674,0
27.44207273,87.5589045,0
27.98920532,85.49806248,0
27.22574267,87.97878406,0
27.5372034,87.83096377,0
27.73939952,86.30534392,0
27.10852451,87.88027144,0
27.19332575,86.71314142,0
26.924858,87.9328324,0
27.59208094,87.64331106,0
26.92173625,87.33488026,0
27.00012244,87.2373001,0
26.76170393,87.4652514,0
27.22077651,87.18273614,0
27.59411985,85.95660682,0
27.64188112,85.8730255,0
27.01677759,87.65407696,0
26.92465723,87.53027575,0
27.27152153,87.80760021,0
27.6457587,85.79697587,0
27.65826426,86.67448674,0
27.06908908,86.96957378,0
27.21806206,87.13088022,0
27.45164895,87.75067696,0
27.25061467,87.19775436,0
27.24252926,86.70623312,0
27.7608977,85.41581473,0
27.2276852,86.71255868,0
27.50566614,87.10613714,0
26.771822,87.5643572,0
27.19365054,87.09527255,0
27.3264407,86.48473773,0
27.20182803,87.12007419,0
27.49831481,85.95032937,0
27.51620023,86.04010556,0
26.97165884,86.96146344,0
27.65331415,86.12013572,0
27.36013148,87.83948854,0
28.03288343,85.23344662,0
27.20378578,87.60313595,0
27.3969565,87.69137332,0
27.22313598,87.20827916,0
27.02189111,87.11016755,0
27.25675163,87.77443793,0
27.2498648,87.86903724,0
27.80938898,85.75525143,0
27.33721971,87.44248206,0
27.62868842,85.80027713,0
27.55429236,86.78579448,0
26.85521811,87.91511548,0
27.63618453,86.16674034,0
27.60269782,86.23014649,0
28.10412421,85.35030774,0
27.70454055,87.39692932,0
27.38686222,87.72094283,0
26.93399037,87.52215734,0
27.25863515,87.55887438,0
27.85804375,85.68126169,0
27.37770162,86.32818261,0
27.51494973,86.52236085,0
27.24679388,87.13907852,0
27.84460899,86.05711414,0
27.03419604,86.77367197,0
27.04001558,87.7660836,0
27.57488255,87.59116792,0
26.80963488,87.90837865,0
27.39919745,86.69542708,0
27.05577079,87.11442407,0
27.55108558,87.32022606,0
27.5042177,87.38379876,0
27.23198216,86.92356194,0
27.80879004,85.23133464,0
27.56777676,86.26573251,0
27.85149368,85.21701952,0
26.83906792,87.38837987,0
27.32778359,87.67770896,0
27.85267256,85.75466897,0
27.16653274,87.08016551,0
27.70333305,87.73988258,0
26.79710254,87.41537773,0
27.34409796,87.98738704,0
27.46741486,87.85205532,0
26.90480374,86.83319334,0
26.703099,87.91004063,0
27.78137379,85.54371836,0
27.57994196,87.16944084,0
27.38076658,86.41316066,0
26.87644603,87.20576444,0
27.75072041,86.26219727,0
27.57706545,86.15586647,0
27.25175869,87.05401782,0
27.52924388,86.91528414,0
27.40076758,86.72786736,0
27.46118454,86.7912793,0
26.96010363,87.14383145,0
27.39204064,87.48326529,0
27.65983919,87.30629313,0
27.54703929,87.18983294,0
28.03650607,85.55497025,0
27.37128226,86.71466075,0
27.12986719,87.156049,0
27.21708101,87.62896344,0
27.33578984,86.79843139,0
27.69479055,86.00681124,0
27.80273555,86.07867818,0
26.85635725,87.35222651,0
27.57272607,87.39586567,0
27.8536885,86.27881373,0
27.53224333,87.54179146,0
27.21211797,86.63841116,0
27.30014478,87.01546968,0
27.62644245,86.53751141,0
27.83894871,85.46660966,0
27.21694718,87.18787244,0
27.83395006,85.44427463,0
27.35099382,86.88702337,0
27.56403206,86.44149099,0
27.46759634,86.93161875,0
27.84341618,85.97377355,0
27.66691548,86.6754933,0
27.78203155,85.42740595,0
27.76618826,86.32327217,0
27.19654586,87.11074079,0
27.41063882,87.79920411,0
26.7236265,87.88149688,0
27.06213095,87.84891762,0
27.46511295,87.13813616,0
27.78943996,85.85347597,0
27.3104028,87.94676105,0
27.63571922,86.08974389,0
27.383872,86.35811485,0
27.85252298,85.63280713,0
27.46012743,87.8780883,0
27.61679567,85.72934641,0
26.89667633,87.36136633,0
27.65798277,87.13438098,0
27.65807199,86.15697293,0
27.70792317,85.94505349,0
26.94905968,87.91192848,0
27.43913082,87.34802754,0
27.7997753,86.04027972,0
27.32105587,87.91103122,0
27.36281245,87.60702725,0
27.31031597,87.11935605,0
27.6557144,85.78598441,0
27.89997527,86.28361311,0
27.61836596,86.68472964,0
27.79984982,86.0333252,0
27.6193279,87.18148271,0
27.43293523,87.23977541,0
27.60211395,87.1181192,0
27.47770068,87.82861622,0
27.57572398,86.07337179,0
27.58878098,87.11524423,0
27.59544969,86.51533956,0
27.17799085,87.87238094,0
27.1485755,86.80572828,0
27.52102056,86.49385047,0
27.48966857,87.52468288,0
27.84842143,86.26568511,0
27.22561425,87.62489239,0
27.49833523,86.24753492,0
27.39268328,87.51620744,0
27.93276987,85.55086056,0
27.22939132,86.90024405,0
27.72365864,85.9687202,0
27.37036865,87.79195274,0
27.45447747,87.362543,0
27.91889522,85.85276516,0
27.78510126,86.08860291,0
27.31843217,87.91239447,0
27.03238305,87.38447604,0
27.90627349,85.50550525,0
26.78027274,87.58685489,0
27.09214645,86.86535586,0
27.36013052,87.53636106,0
27.11302893,87.73457399,0
27.69757848,87.04717917,0
27.68727523,85.97236214,0
27.36011793,87.09756408,0
27.81921436,85.34726268,0
27.39698893,86.96944096,0
26.88602708,87.50166025,0
28.04238855,85.22269276,0
27.93983161,85.58668769,0
27.17372253,87.07275332,0
27.56712009,86.73723274,0
27.46232787,86.13990733,0
27.24422296,86.95268184,0
27.82713067,85.21630938,0
27.85096725,86.24282909,0
27.10743874,87.78595123,0
26.83810079,87.76888043,0
27.41490848,87.1225357,0
27.07116783,87.88868842,0
27.26431653,87.85666506,0
27.70947989,85.70357866,0
27.87162438,85.70349435,0
26.82918083,87.47908669,0
27.6837748,85.54315848,0
27.71613189,87.29563014,0
28.00925232,85.37070414,0
27.40119963,87.82795475,0
27.71290661,85.82229608,0
26.89022663,87.62454629,0
27.62935386,87.83781337,0
27.83118974,85.9618452,0
27.66561413,86.31432217,0
27.60937375,86.59283124,0
27.60281932,86.53155577,0
27.14837897,86.90177626,0
27.8230568,85.85095373,0
27.05000137,87.36549474,0
27.47007589,87.48530798,0
27.2736484,87.14704518,0
27.72774308,86.37821843,0
27.7980936,87.27561218,0
27.47332355,87.57032873,0
27.52928094,86.01721181,0
27.47310028,85.89069474,0
27.90854506,85.60949863,0
27.15347984,86.78452501,0
27.65556387,87.37907931,0
27.61893905,86.17619366,0
27.30374225,87.51422416,0
26.76020409,87.49120895,0
27.17977688,86.85273876,0
27.3126952,86.30497885,0
26.88459929,87.66007567,0
27.28128244,87.86188795,0
27.4624291,86.18519083,0
26.83712952,87.86468704,0
27.54968439,87.59897699,0
27.38306407,86.90570068,0
27.92369344,85.70399241,0
27.88952001,85.63623216,0
26.78435124,87.6762247,0
27.85007375,86.2801475,0
26.76756388,87.92285454,0
27.47026483,87.99361975,0
27.12208809,87.33044188,0
27.62905662,87.67583453,0
27.31413559,87.89158713,0
27.44678558,87.49846809,0
26.91492301,86.76412743,0
27.56942955,87.37952318,0
27.36437359,87.05301072,0
27.59434854,86.87150637,0
27.62987518,87.31003606,0
27.83752253,85.40570101,0
27.85712834,85.26535916,0
27.11446882,87.84098744,0
27.35323985,87.52548284,0
27.80929764,85.4269265,0
27.16447512,87.92837461,0
27.41769135,86.51363129,0
27.51181998,85.8634076,0
27.08727084,86.79250373,0
27.44571572,86.32674559,0
26.89310212,87.59491753,0
27.7720606,86.32378435,0
27.51486081,86.4515225,0
26.86307543,87.98712481,0
27.8304815,87.42302233,0
27.34025939,87.4434953,0
27.05854543,87.94781347,0
27.59393195,86.70781142,0
27.20205505,87.18734155,0
27.7228083,85.65995451,0
27.54365238,86.7686396,0
27.85258074,85.21083856,0
27.73944788,85.69861132,0
27.69663953,86.35592132,0
27.63320019,85.94247367,0
27.65546353,86.73032128,0
27.44544839,87.8960167,0
27.30717223,87.50846738,0
27.75083857,85.69710421,0
27.35713834,87.91696556,0
27.28232416,87.96572471,0
27.47775079,86.09617667,0
27.06587194,86.97599104,0
26.8610789,87.26640458,0
27.49372433,87.60190505,0
27.06079895,87.09247367,0
26.90297552,86.86912639,0
27.05228654,87.74658214,0
28.03080182,85.67639157,0
27.60298416,86.62893596,0
27.32583047,87.41917357,0
27.71672772,87.33208392,0
27.5263348,87.68058934,0
26.70203339,87.55194227,0
27.34453395,86.83913088,0
27.52556628,87.90407025,0
26.92019852,87.58459889,0
27.47737472,87.3147786,0
27.80435295,85.43262302,0
27.51546512,86.95512436,0
27.35822578,87.69637307,0
26.8572713,87.30154215,0
27.72663724,87.32593608,0
26.76939998,87.22076364,0
27.0280185,86.93782819,0
27.70744639,86.15900424,0
27.96298391,85.60445796,0
28.028258,85.78794175,0
27.61501938,87.12176716,0
27.16254557,86.84730058,0
27.6600515,85.73060594,0
26.81614858,87.55964975,0
26.97249674,87.79295119,0
27.08434405,87.24677096,0
27.63444382,87.10998611,0
26.93012708,87.8558054,0
27.25968034,87.44697318,0
27.60076724,85.78176497,0
27.72966294,87.32034387,0
27.51042867,86.38795171,0
27.50737017,87.34493016,0
27.34152375,86.38558714,0
27.36652198,86.98294307,0
27.04123705,87.21281959,0
27.79821459,86.22109359,0
27.56687077,85.89563202,0
28.06641131,85.3050866,0
27.62888343,86.47898686,0
27.71635591,85.66193308,0
26.87334448,87.97886196,0
27.1915112,87.48539512,0
27.29239142,87.56947177,0
27.15965826,87.40837722,0
27.83615293,85.97425532,0
27.90117884,85.50445246,0
27.29408,87.55284518,0
27.38413002,87.54702309,0
27.88412502,85.67664987,0
27.89339915,86.27914266,0
27.54487533,87.31839168,0
27.66170408,86.16788789,0
28.03304053,85.65864446,0
27.34902791,87.27476811,0
27.5001569,87.25058268,0
27.82220317,85.64230175,0
27.65335699,85.95921389,0
27.53846093,87.55847233,0
27.0531841,87.67202153,0
27.94231811,85.48701528,0
27.43220813,87.28853694,0
27.10269011,87.06614324,0
27.77451501,86.05863104,0
27.41603205,87.6192206,0
26.97237492,87.89458743,0
26.68554885,87.60462671,0
27.29268276,87.46484337,0
26.87220967,87.17502544,0
27.51064158,87.21147371,0
26.85201204,87.61076978,0
27.51628351,86.48857153,0
27.0775025,87.98251859,0
27.64648426,86.37883407,0
27.53164318,87.03421141,0
27.44461077,87.35603622,0
27.53574013,87.18474692,0
27.47787384,87.09528378,0
27.97687874,85.81103735,0
27.30103309,87.65349813,0
27.59903577,85.83241485,0
27.52350778,86.25442673,0
27.54524382,86.91421361,0
27.50490581,87.25298483,0
26.88274209,87.44794629,0
27.58608401,87.23078437,0
27.68343359,86.74755259,0
27.87928803,86.26085485,0
27.52178067,87.54544315,0
27.15175309,87.9890903,0
26.89062695,87.53101749,0
27.61445953,87.89527577,0
27.82647879,86.26423552,0
27.58244344,87.58277602,0
27.81733834,85.27722092,0
27.45676659,87.78068533,0
27.19454438,87.29232697,0
27.79635877,86.01964726,0
27.54598383,85.99350752,0
27.37858301,86.50537845,0
27.25137758,86.95398266,0
27.82097056,85.51411362,0
27.41951399,87.30533285,0
27.88037046,86.26913867,0
27.63077388,85.80783152,0
27.36918581,87.16525315,0
27.09846252,87.37780302,0
27.36370901,87.5795796,0
27.75708173,86.71396219,0
27.84171864,85.50060457,0
27.38034233,87.50985861,0
27.02186804,87.31428969,0
26.67446195,87.92396604,0
28.02390541,85.3505913,0
27.6022925,86.15899546,0
27.47083789,87.77379496,0
27.80024854,86.25310329,0
27.55855583,85.90879385,0
27.35763183,86.99471088,0
27.50521028,85.83317582,0
27.55635426,86.40582744,0
27.39766461,86.45166735,0
27.79263823,87.46031585,0
27.76581929,85.59121568,0
27.70913561,85.73844274,0
27.40709421,87.695086,0
26.88596195,86.81584453,0
27.80931327,85.92695321,0
27.08425177,86.44228841,0
29.84296786,80.71494712,0
29.781897,80.62385934,0
29.81299969,80.65458411,0
29.74758237,80.45447843,0
29.81301376,80.6476118,0
29.8202895,80.70664803,0
29.8102031,80.51146311,0
29.83233139,80.83672455,0
29.78907292,80.78584955,0
29.84125478,80.65883691,0
29.83081815,80.60724531,0
29.73496211,80.58183756,0
29.85180577,80.86354031,0
29.8345919,80.82722467,0
29.82067704,80.64566178,0
29.95381995,80.71712177,0
29.77480589,80.75227886,0
29.8479512,80.59756618,0
29.49997964,80.42292849,0
29.49923479,80.46566964,0
29.48521767,80.82565668,0
29.56807046,80.60593356,0
29.37941673,80.60850979,0
29.38333611,80.46160725,0
29.38900616,80.72954145,0
29.43981625,80.35617667,0
29.53355205,80.50173822,0
29.52134715,80.72820088,0
29.47443019,80.59247991,0
29.44428088,80.88324258,0
29.42969058,80.76993303,0
29.54979168,80.38010357,0
29.57089879,80.54121014,0
29.47941603,80.74364882,0
29.51100602,80.43980592,0
29.52248839,80.74139402,0
29.37361682,80.76815707,0
29.37487842,80.57077978,0
29.45578284,80.86877329,0
29.37197721,80.68517339,0
29.61428692,80.43496745,0
29.55495147,80.53062861,0
29.48465868,80.77880379,0
29.37277095,80.46720689,0
29.39595386,80.71954907,0
29.55175465,80.49683339,0
29.62158565,80.49741594,0
29.50936759,80.5799023,0
29.59455652,80.49181487,0
29.42389121,80.33066081,0
29.39182484,80.65701102,0
29.54690958,80.57599486,0
29.37707437,80.81785907,0
29.18626412,80.64435868,0
29.20162942,80.60221016,0
28.73603586,80.36559619,0
29.0070008,81.05650185,0
28.62670481,81.19449169,0
28.69169507,80.79942305,0
29.01136084,80.67301457,0
28.83820181,80.36583935,0
29.09592874,80.1723512,0
28.90812037,80.30582789,0
29.19830174,80.44044324,0
29.17940186,80.83314263,0
28.8649827,80.73643747,0
28.57862149,80.95604765,0
29.31255281,80.41787851,0
29.08390757,80.91122261,0
29.16922539,80.55402162,0
28.95270403,80.55533458,0
29.02194013,80.59159002,0
28.85124054,80.30526802,0
28.82775613,80.71133102,0
29.27020649,80.36952868,0
29.2579145,80.42437483,0
29.23798196,80.32062357,0
28.63357914,80.86272133,0
28.80158755,80.72478394,0
29.03213678,80.17582431,0
28.84938788,80.77233152,0
29.12722664,80.76246836,0
28.69081414,81.20457642,0
29.00187127,81.10750536,0
28.77559918,80.92177917,0
29.0728323,81.06349311,0
29.226782,80.84748935,0
29.13325554,80.26606896,0
28.83327173,81.19650181,0
28.64789514,80.83713919,0
29.1493183,80.99214602,0
29.02977066,81.13304993,0
28.8338282,80.75513806,0
28.79708249,80.75526577,0
28.86894125,80.8886791,0
28.89964764,80.85556294,0
28.58606003,80.84791126,0
29.25384442,80.45550205,0
28.78916648,80.74154653,0
28.64476034,81.00084728,0
28.86746086,81.0121121,0
28.9421221,80.41703066,0
29.27369212,80.80027258,0
28.71744205,80.36179359,0
29.18075051,80.98067579,0
29.04705577,80.35159239,0
29.20736166,80.74087598,0
29.21777466,80.67044979,0
29.26269703,80.73184775,0
29.01697314,80.28266936,0
29.16467942,80.48168945,0
29.18796164,80.65730819,0
29.05824967,80.9892326,0
29.07941882,80.47984695,0
29.20244519,80.47682288,0
28.94034422,80.61963567,0
29.06892125,80.77423569,0
29.21070276,80.38532469,0
28.8205631,81.00300674,0
29.28872165,80.34653586,0
29.0802052,80.20601953,0
28.67001872,80.9927804,0
29.22313755,80.8930863,0
29.15798627,80.3181311,0
29.0708506,80.65840504,0
28.98729115,80.36661932,0
29.20332667,80.9172266,0
29.20911079,80.82447234,0
29.16229942,80.76801429,0
28.84204961,80.77108105,0
28.60426726,81.19439712,0
29.07200573,80.34224982,0
29.26130064,80.51540921,0
28.89412822,80.40891644,0
28.84649521,80.77221139,0
29.00508224,80.78222212,0
29.02873982,81.09991469,0
29.16219944,80.59465358,0
28.76908557,81.16200112,0
28.93129668,80.47819322,0
29.26282684,80.85000482,0
28.88312494,80.78422944,0
28.73913961,80.96445784,0
29.31340412,80.73414411,0
29.14955592,80.86140977,0
28.99085684,80.46498934,0
29.27916543,80.49776556,0
29.07884838,80.47010967,0
29.179687,80.88254603,0
28.94391832,80.73518822,0
29.18600942,80.46204911,0
29.10899852,80.50872771,0
28.70669233,80.89936923,0
29.07754428,80.15038442,0
29.28036447,80.68589969,0
28.82641874,81.13209818,0
29.12546079,81.03173562,0
28.92522165,80.50537118,0
28.79094374,81.01420936,0
29.2930231,80.48992166,0
28.92653019,80.76977214,0
28.84164223,80.71580195,0
28.84309809,80.99362613,0
28.82519181,81.15616005,0
29.27745855,80.79235704,0
29.28791754,80.60421167,0
28.75690272,81.21092494,0
28.87509787,80.54078665,0
28.83507768,80.85015864,0
28.87031499,80.43430921,0
28.98886122,80.90246318,0
28.86901232,80.3026625,0
29.01924085,80.50570201,0
29.19947158,80.84695784,0
28.90554145,81.00713357,0
29.25759692,80.85372379,0
29.07088049,80.42865108,0
29.14132646,80.5028773,0
29.12243097,80.26899643,0
28.89218964,80.75275732,0
28.81589557,80.93386529,0
28.8753683,80.3075447,0
29.04295485,80.89456302,0
28.87223787,80.29267452,0
29.16016199,80.66514042,0
28.88939182,80.25725112,0
28.63831323,81.17048314,0
29.04308451,80.84036329,0
28.65906731,81.25128037,0
29.17865816,80.41852978,0
29.20144711,80.64777607,0
29.16364858,80.50570694,0
29.18982154,80.72149675,0
29.19200771,80.62841968,0
29.15444858,80.62585206,0
29.17990847,80.60567363,0
28.91357211,81.0094645,0
28.7608313,80.97285989,0
29.25495636,80.43303693,0
29.34580189,80.70740882,0
28.95313793,80.84795937,0
28.49918234,80.913898,0
29.08888175,80.63925229,0
29.11983752,80.5314823,0
29.04545386,80.73672239,0
29.03344642,80.73566351,0
28.86858506,80.67334252,0
28.89690742,80.76213087,0
28.81517995,80.82648355,0
28.83515985,80.25862186,0
29.05696526,80.47463422,0
29.20638144,80.97603842,0
29.09692438,80.84046048,0
29.26415884,80.36201231,0
28.87459248,80.99752653,0
28.86974434,81.02871597,0
28.71201761,81.06281949,0
28.84306732,80.90755796,0
28.76832009,81.07629846,0
28.83014335,80.78362406,0
29.00463388,80.47764163,0
28.69526873,80.77611506,0
29.13652089,80.70524497,0
29.06293336,80.17761541,0
28.66989148,81.19501849,0
28.99404062,80.2734242,0
28.79899431,80.80360093,0
29.08489822,80.44863657,0
28.92353897,80.38406932,0
29.03413329,80.95613067,0
29.27338675,80.56553804,0
29.17717236,80.67954046,0
29.01151146,80.77682952,0
28.97602449,80.37057061,0
28.84169637,80.82299514,0
28.95917445,81.00108963,0
28.98647903,81.04416015,0
29.11939104,80.5122236,0
28.94318401,80.59486432,0
28.82703449,81.17214768,0
29.06877002,80.20950475,0
29.11749282,80.78751215,0
28.68900774,81.15864475,0
29.12892412,80.84331578,0
28.98928244,80.94551023,0
28.83356827,80.74546691,0
28.8369571,80.72502249,0
29.13657737,80.87450754,0
28.59536281,80.98368139,0
28.8686046,80.69544598,0
29.08928228,80.26128942,0
29.26357999,80.86189006,0
28.99254371,80.65423385,0
29.26388656,80.37358002,0
29.15790424,80.50158098,0
29.05246219,80.58137658,0
29.20409788,80.96258334,0
29.16935523,80.85639538,0
29.08994754,80.52611133,0
28.87710889,80.78353164,0
29.09731049,80.52811962,0
28.80352605,81.03162431,0
28.89756769,80.97741489,0
28.9066758,80.86794111,0
28.85299511,80.58264352,0
29.19152738,80.49819667,0
28.65290305,80.92443472,0
28.74495464,80.94526572,0
28.72032675,80.86190981,0
29.33009115,80.3740561,0
28.98576678,80.44716116,0
29.10940071,80.52414986,0
28.87175872,80.57083881,0
28.91009968,80.97860863,0
28.92293785,80.53746628,0
29.05830525,80.53438915,0
28.90006636,80.42568905,0
29.33338333,80.38765261,0
29.04310613,80.37484741,0
28.95623206,80.61774024,0
29.15485385,80.77888997,0
29.19754751,80.33616466,0
29.21320519,80.60313966,0
29.18957311,80.55688644,0
29.05999481,80.68515083,0
28.88822533,80.97205218,0
28.64758368,81.24894905,0
29.11874232,80.41452602,0
29.16649377,80.83096489,0
28.79195042,80.73549819,0
29.13234658,80.3199496,0
28.68068867,80.82304961,0
29.03726419,80.8669508,0
29.43117505,80.91985838,0
28.89257035,82.14507988,0
29.33918381,80.96791226,0
28.90933872,82.00073109,0
29.12490449,81.87542885,0
29.41579487,81.07337531,0
28.9440324,81.23614643,0
28.86663322,81.37683672,0
28.93766323,81.78271841,0
29.2031791,81.42409849,0
28.79283874,81.5132792,0
29.09872192,81.24695853,0
29.05973114,81.20342674,0
28.95791725,82.15063411,0
29.18190954,81.98903738,0
28.97779259,81.61387065,0
28.8740042,81.20492016,0
28.68614794,81.51057219,0
28.80280003,81.44926235,0
28.91061952,81.27284872,0
28.96347802,81.47025001,0
29.02956602,81.62393209,0
28.91152659,82.0073076,0
28.69333174,81.47597105,0
29.00154083,81.7591826,0
29.35436528,81.13237718,0
29.42155707,80.95597391,0
29.24872461,81.01121933,0
28.99298486,81.17353644,0
28.88401427,82.09465166,0
29.1204575,81.8561499,0
28.7734827,81.38295178,0
29.26740621,81.17055556,0
29.14836098,82.00367113,0
28.91105928,81.32182487,0
29.27997686,81.5517325,0
28.94179458,81.39086957,0
28.72429692,81.55561599,0
28.5817011,81.72792705,0
28.91500012,81.15568612,0
28.53225299,81.57822438,0
29.34750624,81.17489978,0
28.94421059,82.00673939,0
28.87257026,81.41356457,0
28.93562613,81.89397666,0
29.17229629,81.49627574,0
29.12740223,81.47538888,0
29.0869078,81.32884266,0
29.41033063,81.21169029,0
28.61143561,81.70712282,0
28.69330544,81.64150109,0
29.29195472,81.52373321,0
29.34649844,81.20424683,0
28.75541362,82.18144044,0
28.70807384,81.94555812,0
29.30007351,80.94021659,0
29.03337431,81.80730766,0
29.33253855,80.97485151,0
28.90325828,82.14003827,0
28.76470797,82.01480649,0
29.10644343,81.14915825,0
28.82680674,81.87353848,0
28.70621697,81.48259419,0
28.81632722,81.31121482,0
28.77974505,82.20806246,0
29.06232291,81.64275105,0
28.99016223,82.21587588,0
28.71398842,81.94860487,0
28.72970817,82.23579955,0
29.13739412,81.19343781,0
29.1206065,81.84422597,0
29.30636343,81.09363298,0
28.90129228,81.16474773,0
29.20733424,81.00888658,0
28.98202104,81.23102926,0
28.90212402,81.1041697,0
29.01296814,81.91784044,0
29.13946288,82.01565615,0
29.11960733,81.8508824,0
29.24334644,80.98381043,0
29.39706981,81.12476868,0
28.81260265,81.3079678,0
28.9134896,81.292759,0
28.97326972,81.96373392,0
28.90007247,82.01673717,0
28.91063695,82.23026093,0
28.96459809,81.15630105,0
28.70288635,81.46560641,0
28.98384535,81.16532673,0
28.8362345,81.45571401,0
29.01888562,81.65117546,0
28.71608391,81.98065005,0
29.05181738,81.89459677,0
29.27085498,81.51133866,0
28.9282333,82.01567521,0
29.00615463,81.147412,0
29.18561437,81.45605736,0
28.8707417,81.85654075,0
29.02242479,81.15969201,0
29.02378307,81.7535848,0
29.22730756,81.48754685,0
28.94879944,81.40416501,0
28.76153901,82.2089123,0
28.76516207,81.77341315,0
29.00902678,81.90730976,0
28.77335796,81.9036651,0
28.96532148,82.33250166,0
29.00858903,81.73336752,0
29.31430605,80.98075896,0
29.03235943,81.94928766,0
28.8746339,82.23321611,0
29.10227908,81.63131574,0
28.73315675,81.86370957,0
29.34867117,80.77885573,0
29.44373627,81.08289448,0
29.06520412,81.84325233,0
28.74921638,82.11675161,0
28.73667035,81.80436742,0
29.1129108,82.04713434,0
28.82538152,81.32142888,0
28.86908137,81.45286354,0
29.35782201,81.26344775,0
28.63073471,81.61265831,0
28.63729627,81.54402098,0
29.37492243,81.09445376,0
28.96970668,81.19534983,0
29.03127454,81.26082248,0
28.93586037,81.34903218,0
29.15691394,81.35416229,0
28.72159634,82.05799889,0
29.01306755,81.93100156,0
29.30350886,81.53489171,0
28.81959527,81.76885783,0
29.12747392,81.29649071,0
28.91303475,82.20948943,0
29.15148383,81.07632172,0
28.73684732,81.80817283,0
29.00998857,82.25799061,0
28.83202868,81.36870461,0
29.03888424,81.88632051,0
29.12889287,81.51409001,0
28.73825261,81.8744059,0
29.09977637,81.60890744,0
28.9106944,81.17667924,0
28.97748226,81.15403218,0
28.73949082,82.19909132,0
29.1691489,81.49130307,0
28.74740022,81.75423297,0
29.08423025,81.78366447,0
28.98083335,81.80395826,0
28.51440483,81.62112685,0
28.75962374,82.15712739,0
29.1622894,81.15157806,0
29.08830363,81.81268068,0
28.98237826,81.9828066,0
29.02115893,81.64941718,0
29.1919848,82.03375905,0
29.13243358,81.88354294,0
28.83591181,82.01935802,0
28.6525606,81.50948272,0
28.9346282,81.81463214,0
28.99418992,82.14416422,0
29.02096806,81.47154261,0
28.95535014,81.76113261,0
28.89849638,81.8552416,0
29.12735683,81.28577554,0
29.33057754,81.02225684,0
28.59655582,81.68320171,0
29.08577551,81.16854079,0
29.13210759,81.78099324,0
29.12840952,81.85135988,0
28.93187709,81.67187251,0
29.13727189,81.33054024,0
29.24101819,81.14095788,0
28.56844439,81.55331605,0
28.78557511,82.18102508,0
28.63414065,81.48054875,0
28.8588895,81.96149612,0
29.01042955,81.42345245,0
28.80861739,81.28624504,0
28.89932579,82.05673507,0
28.95026138,82.00119658,0
29.01560328,82.16999267,0
28.89668332,81.25778801,0
28.90309456,81.78030931,0
28.92875658,81.24193641,0
28.85218157,82.06104397,0
29.23489552,81.45042468,0
28.88101068,81.78440026,0
29.21782481,81.56773795,0
29.13514723,81.35876656,0
28.82141085,81.67964865,0
28.86974999,81.97799435,0
28.93271325,82.16084328,0
28.8771459,81.85316388,0
29.24520679,81.17578227,0
29.15272625,81.4468035,0
29.06416448,81.51850608,0
28.96337939,81.84278396,0
28.96794718,82.23290624,0
29.33201599,81.06928041,0
28.65053537,81.5160402,0
29.05992331,81.780151,0
29.08038081,81.59615026,0
28.97707893,82.28833979,0
29.13283033,81.41103176,0
28.77389761,81.36199046,0
28.94195405,81.50419952,0
28.29175212,83.39595195,0
28.06631214,83.08230017,0
27.90393621,83.11337664,0
28.09205906,82.80871363,0
27.83489592,83.83387251,0
27.6716162,83.04648608,0
28.12810158,82.07877466,0
27.68093265,83.93817674,0
28.3588733,81.56656495,0
27.84288148,83.04368043,0
27.89500723,83.3516403,0
28.15453356,83.33023205,0
27.74626334,83.76758207,0
28.23544501,83.7501053,0
27.66510751,83.54320102,0
27.99624462,82.86551467,0
28.33715763,83.82325577,0
28.31604276,83.81162819,0
28.01870139,83.66559682,0
27.68636721,84.02612646,0
28.12618677,83.49439507,0
27.72767994,83.1729995,0
28.22420404,81.93588342,0
27.8342863,83.19106664,0
27.8686028,82.60456309,0
27.83531214,83.6381641,0
28.37944333,83.74559557,0
27.74022365,82.77081455,0
27.67459975,83.07317994,0
28.25634305,83.70150181,0
28.39600988,81.50333436,0
27.86598602,83.801557,0
27.95621649,83.78627399,0
28.25227786,83.6900128,0
27.61904185,83.98575188,0
28.19068089,81.8104649,0
28.00098849,82.59182791,0
28.05122137,83.54424029,0
28.17913697,82.0412929,0
28.01822797,82.53491989,0
28.27949615,83.79530049,0
28.21387442,83.32190185,0
28.32221238,83.26158594,0
28.29436915,81.48094759,0
27.95333912,82.97939719,0
28.14377208,83.56877582,0
28.12312602,83.92044972,0
27.90946446,82.16236457,0
27.74825074,84.30910093,0
28.01310294,83.67073374,0
27.94801482,83.79986979,0
28.2098369,83.78947093,0
28.40721938,83.28199768,0
27.74722734,83.28151745,0
27.71055211,83.69625557,0
27.76799857,84.37582371,0
28.04185772,83.93865906,0
27.84107812,83.37440383,0
27.76630562,84.41546407,0
27.91765205,83.15238485,0
27.85417257,83.44845324,0
28.27147744,83.80402726,0
27.89677605,83.37452722,0
27.74350026,83.22823726,0
27.78158752,83.85753009,0
27.73851292,84.23866866,0
28.22454749,83.78819642,0
28.12842681,84.03320469,0
27.79970895,84.35975978,0
28.14357094,82.07793097,0
27.92422611,82.3952449,0
27.85913259,83.01266718,0
27.68176539,84.01259677,0
28.01389256,83.68462977,0
28.3884839,81.61280235,0
28.00226192,81.80900871,0
27.82451847,84.32744274,0
28.50207015,83.6703142,0
27.86493757,82.71474126,0
27.70332578,83.21892743,0
28.39784119,81.44486368,0
28.38005436,81.51240833,0
27.83459375,83.12579914,0
27.60081887,83.87313584,0
27.76816973,82.98442766,0
28.20320713,83.82266637,0
28.37255123,83.34948193,0
27.91334507,82.81061915,0
27.74042772,83.20702175,0
27.57413988,83.88506498,0
27.84837343,83.41229299,0
27.78322795,82.8960988,0
27.78464147,83.13785326,0
27.847383,84.37750786,0
28.29924709,83.47162735,0
28.00571091,82.58450841,0
28.04394664,83.5097691,0
27.90408406,82.3209166,0
28.27029853,81.86588648,0
28.07167524,83.06600244,0
28.24862531,83.76509695,0
27.90539852,82.42840735,0
27.90468101,83.59363604,0
27.70064003,83.39675682,0
27.90159693,82.39392942,0
27.97108814,81.87332581,0
27.75296935,83.32536225,0
27.84746322,83.8669461,0
27.67720956,82.91580782,0
27.99187779,82.15043533,0
28.33079033,81.62948516,0
27.75018826,84.35998116,0
28.14776352,81.86329336,0
28.34399271,83.482146,0
28.26310949,83.39362827,0
27.92818461,83.51282642,0
27.94491344,83.63585975,0
27.75251717,82.92907412,0
28.04000286,83.45147487,0
27.85948655,82.27712688,0
27.83186692,83.15624411,0
27.81932581,83.53182774,0
28.25307265,83.39898942,0
28.22062377,83.8916389,0
28.23117226,83.66728619,0
28.11719217,83.55320172,0
28.32290527,81.70011596,0
28.07939475,83.39004985,0
28.05068749,83.46295975,0
28.15185351,81.84829653,0
27.92357432,82.3469254,0
28.06632733,83.71236261,0
27.94377669,82.27257977,0
28.07893579,82.65074748,0
28.38035201,83.88557877,0
27.91247149,84.18509756,0
28.04606739,82.58350927,0
28.19429346,83.92120202,0
27.70501069,83.55186889,0
27.8774361,83.77822646,0
27.83982154,83.38726516,0
27.68046598,83.06315899,0
27.89429589,83.38386688,0
28.18449391,81.8800121,0
28.41687957,83.7204635,0
28.37503484,83.70273086,0
27.79050177,84.20567663,0
27.99824946,82.64348431,0
27.8548833,84.15991286,0
27.90770748,82.20271865,0
28.17666246,83.47863066,0
28.15894,83.94972249,0
27.95073933,82.5147648,0
27.94910094,84.08315942,0
28.37894652,83.62031254,0
28.29796583,81.58350407,0
28.27713695,81.8778556,0
27.71907689,82.75511524,0
27.83924328,83.0409439,0
27.96412015,82.38383049,0
28.28073559,83.7099063,0
28.10548436,83.00152614,0
28.38129389,83.34274735,0
27.80120746,82.86669219,0
27.78276296,82.45408772,0
27.85515075,83.41958946,0
27.84509083,83.93712281,0
27.70236173,83.51512222,0
27.85120161,83.98515445,0
28.09309334,83.29415364,0
28.33190217,83.8383581,0
27.93358027,82.71428035,0
27.73819865,82.76529843,0
27.92137511,83.13247485,0
28.1786899,83.73263742,0
27.65587302,83.90298217,0
27.8828742,84.2683685,0
28.07793223,83.52544336,0
27.74039831,82.65076166,0
27.84413905,83.10623308,0
27.71650695,82.44730892,0
27.797875,83.21239644,0
28.04638981,82.70460296,0
28.40598476,83.90790438,0
28.01935913,83.57565719,0
27.9646372,83.72081674,0
27.79143026,84.14059194,0
27.90084158,84.28569826,0
28.34648916,83.84126917,0
27.96654348,81.79368183,0
28.09852144,81.91878317,0
27.75735647,83.50595656,0
27.75500584,83.4787049,0
28.10080684,82.00497657,0
28.25144422,83.55670914,0
28.3055746,83.84759102,0
28.08908737,83.47410379,0
27.85262155,83.62985965,0
27.72097906,84.12777211,0
27.92672511,83.5314227,0
27.78043105,83.42085389,0
27.76558998,83.67563173,0
28.07115186,84.03142852,0
27.72396699,82.61499227,0
27.81366945,83.16820308,0
27.95610382,82.35005946,0
27.84773897,82.90724844,0
27.8886924,83.29655267,0
28.27119973,81.54826828,0
27.56252335,83.84254407,0
27.96592433,82.17062382,0
27.88463427,84.23036524,0
27.80835155,83.69145905,0
27.80503464,82.85360389,0
27.74089744,84.13317768,0
28.37436341,83.21496318,0
27.79597816,82.70675669,0
28.32907802,83.45276649,0
27.89644064,82.57918072,0
28.32201125,83.53361585,0
27.80680714,82.72920041,0
27.84361553,82.35465799,0
28.06203536,83.88724154,0
27.47182584,83.93864872,0
27.69165363,83.9666269,0
28.13801973,83.71775235,0
27.7078856,82.7946963,0
28.37088415,81.47613289,0
27.90019906,82.68086141,0
27.95839378,83.40851944,0
27.963198,82.59548756,0
27.80283787,84.16740878,0
28.11511276,83.54887667,0
27.92162258,83.56003184,0
28.13885591,82.0396813,0
27.96453707,82.25731448,0
27.74325945,83.09656932,0
28.02497662,83.59169964,0
28.38838289,83.42853301,0
27.85396393,83.22814828,0
27.73082539,83.27550376,0
27.81585616,84.42287759,0
27.7240808,83.31198926,0
27.79779743,84.22146417,0
28.14947433,82.04647955,0
28.10249966,83.55242656,0
27.86182902,83.4158087,0
27.89381315,83.62515906,0
27.76409529,83.18501248,0
27.99088923,82.84090543,0
27.98367597,82.06265781,0
27.7339825,82.48145628,0
27.80583844,83.99043034,0
27.71466256,83.33222761,0
28.13432634,82.65233611,0
27.9401248,83.36854112,0
28.12649561,83.0038506,0
28.02009005,83.30485349,0
27.74244357,83.34156979,0
28.10727427,83.95372728,0
27.70448075,83.72042097,0
27.76815781,82.77765573,0
27.74348,82.7266897,0
28.13526039,81.86669903,0
28.03485712,82.03992859,0
27.69914631,83.55369293,0
28.38156031,81.42921263,0
27.92175397,83.82723214,0
27.8727253,83.62164373,0
28.01805911,81.78179793,0
27.72180258,82.75322868,0
27.96413355,83.65133706,0
28.02374897,83.98425999,0
27.73713605,82.98144549,0
28.15897866,81.96358649,0
27.96225165,83.60111568,0
27.7574823,83.62869528,0
27.84139849,83.08389546,0
27.7268313,84.2531411,0
27.70313889,83.08613857,0
28.17400481,81.97473707,0
27.79561769,83.99887343,0
27.7344859,82.86270507,0
28.23350573,83.78541495,0
27.95987412,81.79034904,0
27.73439814,82.4155545,0
27.89995481,81.93490036,0
27.77835347,83.40714724,0
27.92996455,82.69104207,0
28.291455,83.60680171,0
27.75563355,82.89302618,0
28.36633544,83.66184709,0
27.82697801,84.35183823,0
28.3756297,83.59299649,0
27.93057687,83.15703941,0
27.75438067,84.38814719,0
28.39151745,83.82720985,0
27.83690349,82.99568184,0
27.94203939,82.15942869,0
28.39387592,83.82467223,0
27.93527799,84.14189555,0
27.69803507,83.67253297,0
28.13415707,83.5071391,0
27.76180472,82.75947108,0
28.38740067,81.36560436,0
27.88361816,82.7434417,0
28.10833025,82.0439596,0
28.37324571,81.52154049,0
28.42586416,83.25946761,0
28.00795176,81.82599345,0
27.57224749,83.84724141,0
27.96262524,83.58834532,0
28.096861,83.3190498,0
27.83798275,82.31990515,0
27.96522981,81.84690043,0
28.05329459,83.79343675,0
27.75203161,83.97980983,0
27.72490121,83.58928262,0
28.13437516,83.41024307,0
28.47360501,83.64836425,0
27.85827055,84.15500976,0
27.58047157,83.97329472,0
27.94215453,83.78326338,0
27.71955068,84.27316041,0
27.77902842,84.34521734,0
27.77093625,83.78118963,0
28.30409486,83.82904856,0
28.16640474,83.4711622,0
28.21825536,81.81295469,0
27.78504276,82.85446106,0
27.88484912,82.72782903,0
27.89635004,82.54975933,0
27.59116211,83.85005814,0
27.85301049,82.30259517,0
28.24959168,83.80173896,0
27.86882216,83.60521262,0
28.00105669,82.89202562,0
28.20954685,81.76895327,0
27.86487505,83.95152472,0
27.80936792,83.168176,0
27.75018066,82.76735311,0
27.89810078,83.16813089,0
27.73534848,82.78405587,0
27.71289083,82.39677686,0
28.10464497,82.08793694,0
28.22066519,83.40634129,0
28.37070626,81.37684441,0
28.40213883,81.44430652,0
27.95257416,82.63939757,0
27.6636406,83.86045686,0
27.93866711,82.54200807,0
27.66704187,83.47802432,0
28.04059449,82.17569887,0
28.14286083,83.14753041,0
27.81226607,83.35108347,0
27.74223903,83.77391953,0
28.39085081,83.85053015,0
27.97151357,82.09005643,0
27.72562048,83.31887472,0
28.32389761,83.90330762,0
27.8955173,84.09706826,0
28.05127119,83.95107036,0
28.36156318,83.71421299,0
28.34059275,81.63067131,0
27.95134782,82.4027648,0
28.08321362,83.26692536,0
28.08836039,82.10863853,0
27.97549394,81.89174589,0
27.72621134,83.45264554,0
27.65177194,83.66800614,0
27.81140722,82.85773742,0
28.00642158,82.8681398,0
28.21211648,83.73963529,0
27.84491376,84.36476936,0
27.65494077,83.641624,0
28.03482939,82.14249661,0
28.35381737,83.59921349,0
28.32809437,83.90837682,0
28.37844691,83.65712598,0
27.88184207,83.6147649,0
27.93337593,84.01941368,0
28.20268511,83.76272964,0
27.75306137,83.03964037,0
27.72313103,84.28675049,0
28.12783367,82.05316306,0
27.74196538,83.76181751,0
28.02709476,83.54895279,0
27.68158096,83.07430292,0
28.03078457,83.53111874,0
28.13628508,82.67134533,0
27.91656176,83.38645159,0
27.93206314,84.1052827,0
27.75091204,82.87613989,0
28.11854132,82.96687094,0
27.70688272,83.50759159,0
27.9109966,82.25888974,0
27.7813989,83.30349724,0
27.93273816,83.16764795,0
28.01971486,82.69915681,0
27.98068889,82.7954542,0
27.89015749,83.92541838,0
27.72347752,83.75806908,0
28.33208705,83.6817404,0
27.94636922,83.99073103,0
27.95676521,83.54911053,0
28.26583662,83.70498341,0
28.24843876,83.78247268,0
28.04136437,83.90456543,0
27.89213698,82.29784902,0
27.83095403,82.34682579,0
27.59789219,83.97234933,0
27.71656869,82.60815765,0
28.02195762,82.62010211,0
27.6521327,83.88511828,0
28.3784001,83.66493501,0
27.87853225,82.85368032,0
27.51269173,83.89038976,0
28.10402369,83.74032305,0
27.94836144,83.38793454,0
28.01469283,82.19213547,0
27.9154893,82.48857009,0
27.845653,82.82123657,0
27.95219836,82.04098336,0
27.94720487,82.03660749,0
27.46474871,83.90760687,0
27.60673074,83.61117587,0
27.93880046,82.90597187,0
27.92716265,83.78366483,0
28.08995048,83.2146485,0
27.87546813,84.10230534,0
27.71557448,83.43321596,0
27.69519446,82.72957094,0
28.00295234,82.54274999,0
28.03463121,83.92264585,0
28.33613113,83.55797655,0
27.82762096,83.21050775,0
27.95928526,82.90481509,0
27.95270785,82.69533588,0
27.93735174,83.55789902,0
27.83826506,83.21369989,0
27.99224303,83.59270335,0
28.31962032,81.5046214,0
27.90224051,83.60027439,0
27.74932041,82.58950853,0
28.05763215,83.64560837,0
27.88320189,82.22483867,0
27.74163115,83.88188791,0
27.669981,82.90094881,0
28.18717577,81.82916119,0
28.30127774,83.62571398,0
28.1437893,83.37453496,0
28.01673568,82.09677433,0
28.32395156,83.7647596,0
28.03830658,82.82048679,0
28.06401747,81.99958064,0
28.37360281,81.38413298,0
28.09998156,82.98554615,0
28.14476518,82.00578222,0
27.71037683,83.62858991,0
27.89142953,83.36729062,0
28.48973489,83.67211607,0
28.11597526,83.62304126,0
28.18335434,81.93451233,0
28.25228439,83.41289361,0
27.67235123,83.53788125,0
27.89276444,84.04095971,0
27.97517063,82.95491304,0
28.0521379,81.77542347,0
27.82639555,84.22334294,0
28.13839472,82.05230341,0
28.08438643,82.62381348,0
27.77943515,82.95142215,0
27.80548132,82.41112346,0
27.80593009,83.95474836,0
27.87711777,83.76688064,0
28.35376434,83.81669687,0
27.79546018,84.31671428,0
27.71824133,84.41434485,0
28.1523158,82.67501698,0
27.78172128,82.65982886,0
27.64783693,83.63483333,0
27.71868167,83.27653588,0
27.9046691,82.46546571,0
28.17094066,83.78276433,0
27.62366361,83.01915656,0
28.11253473,83.7399559,0
27.97626969,84.04661075,0
28.1376786,83.08291877,0
27.76285866,82.62959979,0
28.27845979,83.38382757,0
27.76875339,82.63952544,0
27.85717083,83.31510166,0
27.73174277,84.03347227,0
28.07248892,83.88011907,0
27.77127152,84.15562979,0
27.90957621,83.61141073,0
27.93338056,82.96804807,0
27.77693907,83.39275611,0
27.90364041,84.01247506,0
27.79047075,82.67761822,0
28.08718405,83.3303897,0
27.69661804,84.08501092,0
28.34641409,83.33990846,0
27.7379901,83.92452635,0
28.26257879,81.55140329,0
27.75171904,84.1659066,0
27.98617883,83.53616293,0
27.97149948,82.95469747,0
28.26729792,83.74713569,0
28.06098609,83.39650865,0
28.20518302,83.68757012,0
28.4024552,83.83870262,0
27.93385039,81.87942584,0
27.63070316,83.87167257,0
28.33448841,83.64304167,0
27.7924854,82.40541451,0
27.69987566,83.07018545,0
27.69682337,83.64919073,0
27.62780601,83.74660735,0
27.93117586,83.96362619,0
27.90973683,82.64577035,0
27.58885351,83.60870874,0
28.40036491,83.90282986,0
27.96288148,83.48903792,0
27.92078974,82.57485093,0
28.0216173,82.89154449,0
28.40703273,81.35037747,0
28.0736826,83.73501115,0
28.13883087,83.56341364,0
27.9256201,83.85661295,0
27.73601663,84.38759368,0
27.78052714,83.18278238,0
28.1339288,82.92212724,0
27.89677876,83.95004328,0
27.64760166,83.77092802,0
28.07988507,81.91348658,0
27.81677355,83.38986622,0
27.86284268,83.76208238,0
27.77144999,83.40897501,0
27.9616241,82.9130918,0
28.15679196,82.60180721,0
27.76711732,84.05347779,0
27.10517404,86.40498647,0
28.51073118,81.37418098,0
28.25460867,82.34936399,0
28.43075394,82.08475694,0
28.16252978,82.38898558,0
28.3578645,81.73025539,0
28.5905075,81.5065133,0
28.54115422,81.32649182,0
28.1296081,82.32400719,0
28.14110291,82.19482355,0
28.25668024,82.00353425,0
28.16231375,82.45598691,0
28.6682943,81.29493729,0
28.66330423,81.32017905,0
28.16136909,82.54175752,0
28.64959058,81.42926773,0
28.50875686,81.51877587,0
28.44212559,82.14873419,0
28.4017283,81.90349237,0
28.15339501,82.52314883,0
28.20146192,82.63554391,0
28.18666027,82.3499658,0
28.53325518,81.42158384,0
28.25437961,82.05841103,0
28.36529898,81.74428897,0
28.70769215,81.361232,0
28.70985624,81.32751308,0
28.14172804,82.33080374,0
28.21182913,82.02413638,0
28.44044292,81.62478311,0
28.50879003,81.40670731,0
28.61965271,81.46178105,0
28.47622914,81.48860663,0
28.22353641,82.18176395,0
28.21799175,82.24974565,0
28.48931578,81.43210978,0
28.58041025,81.30721197,0
28.19780366,82.50774841,0
28.5556574,81.38860966,0
28.58125982,81.43813029,0
28.48456225,81.32797003,0
28.75789326,81.32775982,0
28.25085715,82.20824603,0
28.5242433,81.41257731,0
28.43694686,82.03262318,0
28.17093043,82.2133436,0
28.42355517,82.10232172,0
28.23076426,82.33520069,0
28.53035408,81.26355577,0
28.51435544,81.53371439,0
28.27008993,82.44713903,0
28.42579721,82.07354715,0
28.26217928,82.11995297,0
28.26218602,81.92359839,0
28.3052029,81.98057851,0
28.25386389,82.55575351,0
28.19074104,82.5327205,0
28.16192922,82.40384759,0
28.31148673,81.8271317,0
28.19793045,82.1976021,0
28.34639401,81.80776425,0
28.56766357,81.38324934,0
28.68688882,81.34248946,0
28.41085895,81.78718061,0
28.20080647,82.17630748,0
28.13872632,82.39955185,0
28.37518578,82.00037704,0
28.43141474,82.07948961,0
28.43715688,81.65250825,0
28.74485408,81.31399238,0
28.37493192,81.85018965,0
28.22969837,82.06900053,0
28.3307222,81.79181293,0
28.47529345,81.61695691,0
28.44849685,81.2314571,0
28.28526816,82.44293628,0
28.61448071,81.44737684,0
28.20872424,82.56877737,0
28.57753997,81.46396249,0
28.53794935,81.55695932,0
28.47893157,81.40689102,0
28.19686336,82.21362142,0
28.19793457,82.21746304,0
28.27284938,82.39101233,0
28.19708269,82.63261301,0
28.44161133,81.36780395,0
28.44493206,82.12452375,0
28.48165395,81.55107427,0
28.49203432,81.38673723,0
28.42072168,81.69684132,0
28.51008824,81.66793484,0
28.49173473,81.33120678,0
28.21483213,82.00517357,0
28.24384233,82.2948933,0
28.3533239,82.05437583,0
28.17090508,82.45229489,0
28.35779649,82.02711222,0
28.76193348,81.31362254,0
28.18391194,82.45579578,0
28.20861356,82.20942939,0
28.20179846,82.30226583,0
28.18154817,84.75859388,0
28.10699637,84.66974203,0
28.00369595,84.79554098,0
27.9568344,84.56030838,0
28.09639323,84.69580293,0
28.07500813,84.69067088,0
28.01368157,84.59797815,0
28.03888555,84.65249741,0
27.96971237,84.60574518,0
27.97174688,84.71670657,0
27.94139117,84.56620539,0
28.02021286,84.62306346,0
27.98915185,84.5962585,0
28.08756126,84.67996571,0
27.93276623,84.48887925,0
27.92130259,84.71979751,0
28.08169829,84.7237431,0
27.98414755,84.45856907,0
28.10628164,84.758742,0
27.97543322,84.46978814,0
27.92647221,84.72073548,0
27.89931162,84.63614012,0
27.93750444,84.72536358,0
27.98321283,84.69775559,0
27.96188582,84.4585194,0
27.98389921,84.76935461,0
27.96397141,84.57213827,0
28.07992212,84.71690259,0
28.15749403,84.70432351,0
27.87131619,84.60476858,0
27.98325709,85.14012094,0
28.13641945,85.04012228,0
28.21558706,85.0723332,0
27.87184223,85.04488063,0
28.25609032,84.91155293,0
28.22482363,84.92978789,0
28.18978474,84.88836339,0
28.01033963,84.98777397,0
28.21025112,84.8931938,0
27.95119826,84.88241181,0
28.17322344,85.09512749,0
28.26805483,84.93959144,0
27.81680502,84.82777792,0
28.13279486,84.97493443,0
27.8738425,84.76882994,0
28.01134612,85.07884223,0
28.16006568,84.9893776,0
28.12454851,84.9542189,0
27.99448247,84.97933698,0
28.01077858,84.89378985,0
28.22183076,84.92797718,0
28.08398299,85.09788879,0
27.96208949,84.87647382,0
27.95373531,85.08983917,0
28.00688467,84.90012115,0
28.04175876,84.89872287,0
27.92376806,85.04549604,0
28.19142614,85.13436298,0
28.0584945,84.83552636,0
28.07272412,85.0599087,0
28.06246519,85.07775865,0
28.07320169,85.17773457,0
27.96317624,84.95866112,0
27.96715981,85.03779389,0
28.02287443,85.01729304,0
27.88160558,85.07576648,0
27.8619395,84.89019986,0
27.99573489,85.01189701,0
28.21162574,85.06444035,0
28.06992577,85.02201591,0
28.02236943,84.83331432,0
27.93095825,85.03025401,0
28.1437697,85.0783387,0
28.00226304,85.10687237,0
27.87452017,85.02807852,0
28.175587,84.92685093,0
28.22399626,85.02772342,0
28.12024217,85.11407386,0
27.99212593,85.00103956,0
27.96179208,84.83616611,0
27.89135858,85.0259099,0
27.94845255,84.92225706,0
28.04410897,85.09441359,0
28.0273053,84.92114152,0
27.96726556,84.79491271,0
27.91363326,84.73803159,0
27.97677547,85.08453929,0
28.04449232,84.85022778,0
27.91428867,84.96736378,0
28.74988041,80.49793399,0
28.82414947,80.44589817,0
28.72433674,80.44592279,0
28.79472904,80.4620661,0
28.70271086,80.50311106,0
28.79429162,80.41948696,0
29.67498536,81.65062998,0
29.70148785,81.66583467,0
29.76251763,81.74932671,0
29.70555033,81.79534587,0
29.67263485,81.75161647,0
29.68349376,81.75852713,0
29.66173821,81.69839798,0
29.65124691,81.71949198,0
29.65031061,81.77357746,0
29.73356789,81.66936409,0
29.69645327,81.7175838,0
29.64761523,81.63713253,0
27.60934777,87.64114591,0
28.49945603,84.8380763,0
27.97626402,84.38989699,0
27.91312645,84.44527692,0
28.02187891,84.36648546,0
27.9004723,84.48715408,0
28.06336676,84.32904363,0
28.03754135,84.44094807,0
27.87029389,84.39542654,0
28.01071416,84.30201068,0
28.0817434,84.26088733,0
28.04772958,84.31336425,0
28.10778247,84.38039092,0
28.04415053,84.27159535,0
28.04484347,84.31278055,0
28.05769203,84.2452129,0
29.42654846,82.16761285,0
29.39440542,81.80208552,0
29.33267794,82.27180699,0
29.26808659,81.82627685,0
29.43168041,82.18241169,0
29.42169318,81.89323992,0
29.20609827,81.84662027,0
29.45447309,81.91019031,0
29.60474285,81.81556743,0
29.30899567,81.78445377,0
29.37598583,82.09473373,0
29.41395484,82.21502731,0
29.55962507,81.89602654,0
29.50499295,81.99263088,0
29.42162623,81.8981524,0
29.40243853,82.21651796,0
29.51837315,81.94607204,0
29.41792387,82.20474929,0
29.5144547,82.02596278,0
29.37439216,82.20842897,0
29.32644617,82.32794259,0
29.54534058,81.91991435,0
29.50441996,81.95199136,0
29.43271753,81.89109903,0
29.40254736,82.09349458,0
29.38647769,82.13916973,0
29.30436466,82.1168204,0
29.3846697,82.03248074,0
29.41876705,81.81711996,0
29.37149632,82.02331824,0
29.51637228,81.92861525,0
29.20863746,81.87041064,0
29.39704331,82.06392638,0
29.55403602,81.83647092,0
29.32496326,81.90777972,0
29.16910626,81.80843092,0
29.46724301,82.13967822,0
29.45492959,82.20725507,0
29.50707628,81.9705004,0
29.45875483,81.92825389,0
29.56323305,82.08644668,0
29.25416076,81.87801767,0
29.37881632,82.13019924,0
29.45789691,81.82156237,0
29.39265448,81.82434825,0
29.4734841,81.90787276,0
29.47284115,81.86568074,0
29.56565501,82.00617007,0
29.20648176,81.70807986,0
29.44871072,82.2099247,0
29.47215794,81.91747173,0
29.25203148,81.73451672,0
29.49185948,82.19632344,0
29.44285226,81.7863048,0
29.36905216,82.26899,0
29.38978469,82.02903638,0
29.36524801,81.84268275,0
29.18268753,81.76373014,0
29.16801971,81.6303152,0
29.51004153,82.06193655,0
29.37844619,81.99280768,0
29.32424781,81.95635194,0
29.28362035,82.04955347,0
28.3793007,84.36964542,0
28.22736772,84.21242784,0
28.26642611,84.12214134,0
28.17704347,84.29995746,0
28.32129547,84.26743871,0
28.43366432,84.37370758,0
28.30237186,84.29344648,0
28.35000691,84.31252211,0
28.22433948,84.15735601,0
28.33247504,84.22488836,0
28.33743957,84.34265276,0
28.32242888,84.29924593,0
28.28511723,84.24067694,0
28.40908489,84.39230233,0
28.16890674,84.39051677,0
28.27481768,84.18116185,0
28.36627245,84.34229244,0
28.20254203,84.35047755,0
28.19014858,84.25267665,0
28.41863079,84.39350705,0
28.26950719,84.19309777,0
28.20271284,84.19068104,0
28.16959428,84.37337439,0
28.18261693,84.38275017,0
27.174654,85.67571002,0
27.15142557,85.5091232,0
27.0454005,85.9138035,0
27.24569765,85.58949874,0
26.92562044,86.20083847,0
26.97828212,85.95778389,0
27.20611985,85.53592552,0
27.10141071,85.86684228,0
27.1819444,85.69872196,0
27.1023214,85.71126836,0
26.97223042,86.03375527,0
27.21989485,85.82177671,0
27.16742972,85.82730282,0
27.11524096,85.93086287,0
27.22840908,85.85704186,0
27.14938046,85.64367595,0
27.11684903,85.82259381,0
27.19985188,85.84812015,0
26.98578125,86.02067475,0
26.93635545,86.09909084,0
27.14496709,85.83056616,0
27.24293843,85.85031207,0
27.15715478,85.74349579,0
27.18945817,85.89928157,0
26.94539652,86.21777456,0
26.96432217,86.07714475,0
27.06287594,85.8598581,0
27.06398348,85.92877639,0
26.97304815,86.09730679,0
27.10248878,85.66906235,0
27.16472155,85.82583685,0
27.11839512,85.63785878,0
27.18110319,85.70533063,0
27.10805891,85.68025612,0
27.14409686,85.5871283,0
27.09607817,85.77738529,0
27.23188212,85.5901502,0
27.12368664,85.67508485,0
27.35720516,86.00540942,0
27.344534,86.06080409,0
27.35038294,86.04838378,0
28.46495464,81.93198805,0
28.5154087,81.9707759,0
28.46256491,81.96532168,0
27.04659138,87.28311215,0
28.17517553,84.6648987,0
28.11531387,84.54494431,0
28.2489437,84.65236718,0
28.14860889,84.67674612,0
28.26685451,84.78802528,0
28.10791245,84.458926,0
28.18951819,84.50540521,0
28.24994873,84.80501681,0
28.160628,84.49307634,0
28.20604164,84.71542838,0
28.20600002,84.56673392,0
28.23690792,84.4956804,0
28.32409152,84.58307623,0
28.25291823,84.57331826,0
28.23756659,84.7671338,0
28.2433285,84.50013595,0
28.24126993,84.49043589,0
28.14223723,84.64986079,0
28.11257387,84.45031122,0
28.15259405,84.56039478,0
28.24680961,84.67453443,0
28.23418679,84.70726148,0
27.1075158,87.50470227,0
29.66699341,81.30209524,0
29.50491732,81.50870134,0
29.44568451,81.20288469,0
29.64608329,81.37521712,0
29.29246612,81.4452694,0
29.33529554,81.36504173,0
29.47953585,81.24302212,0
29.6926251,81.4154654,0
29.64142563,81.17213872,0
29.23670706,81.35422879,0
29.59758986,81.21692306,0
29.38421343,81.66812482,0
29.5959241,81.29141474,0
29.44637061,81.52533231,0
29.37701541,81.48000469,0
29.36847005,81.57849378,0
29.24056153,81.35576526,0
29.53706691,81.30868346,0
29.68141035,81.36036252,0
29.31064124,81.32266629,0
29.35848324,81.46717387,0
29.40172871,81.46389028,0
29.56685989,81.36550419,0
29.51626658,81.24170343,0
29.16863824,81.2189603,0
29.49212159,81.289019,0
29.4881391,81.28163863,0
29.5465561,81.3438587,0
29.50124582,81.40013492,0
29.50873738,81.20078432,0
29.36990094,81.4848939,0
29.63661623,81.38211458,0
29.39876277,81.64015611,0
29.47976896,81.59810604,0
29.52269256,81.33397698,0
29.25118859,81.23726659,0
29.28159415,81.41172893,0
29.49375393,81.23551145,0
29.43740646,81.65077087,0
29.48179072,81.23339606,0
29.57873322,81.46500455,0
29.4463651,81.34723555,0
29.37771115,81.64835486,0
29.52302367,81.55560408,0
29.59360573,81.50659472,0
29.46426396,81.56301407,0
29.41550007,81.61538407,0
29.24158063,81.24934919,0
29.63065872,81.39151828,0
29.25097638,81.37043557,0
29.54575653,81.52788681,0
29.37128699,81.64804777,0
29.49064722,81.59906155,0
29.61156086,81.16363084,0
27.98810315,83.70616657,0
26.7331603,87.40919998,0
26.70489929,87.40336159,0
26.71422575,87.41266229,0
27.36323356,86.13090633,0
27.36577719,86.12794519,0
29.79736182,82.01057088,0
26.89683689,86.70343613,0
26.81628337,86.78786765,0
26.70591348,86.71450196,0
26.71298548,86.69392658,0
26.70575752,86.75424933,0
27.04452931,86.60654332,0
26.89434186,86.71860307,0
26.94190909,86.66139932,0
26.92311074,86.56520529,0
26.95752788,86.59414576,0
26.67365652,86.76193223,0
26.94407279,86.62237422,0
26.93413368,86.61847922,0
26.87415227,86.92122659,0
26.68916577,86.66299212,0
26.6949244,86.73068637,0
26.89217181,86.29059558,0
26.9835452,86.58308708,0
26.66219316,86.72615449,0
26.87889126,86.30474429,0
26.81602897,86.56851649,0
26.86628196,86.84496792,0
26.8877578,87.10002612,0
26.73663363,86.70599491,0
26.6853458,86.76898558,0
26.94443972,86.4811426,0
26.90654429,87.07806347,0
26.89334428,86.26037209,0
26.99365055,86.72985813,0
26.74211412,86.7529886,0
26.69608547,86.66709646,0
26.68691831,86.90564479,0
26.8481903,86.97234727,0
26.89394634,87.10748202,0
26.84845318,87.00843486,0
26.72833089,86.89636441,0
26.67713434,86.74425575,0
26.82990391,86.60663089,0
26.80724541,86.74552148,0
26.86850913,86.65478434,0
26.9437699,86.63601712,0
26.95332031,86.51856435,0
26.93563043,86.67207588,0
26.71235498,86.61482301,0
26.88865121,86.5246043,0
26.88750307,86.58871768,0
27.03009449,86.63790898,0
26.681623,86.68847617,0
26.95436998,86.6535388,0
26.80994656,86.67762794,0
26.75712709,86.62472145,0
26.98485902,86.56062345,0
26.92152547,86.28072019,0
26.88582782,86.33400038,0
26.79922154,86.76141666,0
26.9027822,86.57390106,0
26.95664235,86.6646904,0
26.7457466,86.68016231,0
26.87046901,86.73135602,0
26.87672657,87.14450303,0
26.95670465,87.46695947,0
28.42935627,82.62579687,0
28.51790759,82.3238237,0
28.54972658,82.65881483,0
28.53734101,82.59481935,0
28.33461177,82.63043806,0
28.65132959,82.43830509,0
28.42824582,82.36705586,0
28.41751852,82.65247382,0
28.5094332,82.49964724,0
28.33324075,82.48690693,0
28.33995593,82.32064933,0
28.569229,82.78728596,0
28.43377374,82.67704142,0
28.46258086,82.48365988,0
28.539164,82.48391147,0
28.50680854,82.79373813,0
28.32081103,82.26266711,0
28.53795055,82.67160608,0
28.66086137,82.44804333,0
28.42694106,82.58770429,0
28.66409504,82.68508394,0
28.51701075,82.91196297,0
28.40938838,82.76939761,0
28.35348503,82.68604943,0
28.56496156,82.56655627,0
28.52892787,82.42222045,0
28.48866888,82.69315053,0
28.45280627,82.48719051,0
28.45143817,82.73586399,0
28.37571477,82.52983656,0
28.53054957,82.85200557,0
28.42233672,82.62613637,0
28.35944838,82.72745931,0
28.407091,82.4318975,0
28.35512362,82.27847854,0
28.4454752,82.58181423,0
28.58498839,82.61282715,0
28.60216391,82.73190472,0
28.39465854,82.66023314,0
28.28938786,82.2858031,0
28.58113429,82.60909513,0
28.34931549,82.38231468,0
28.55474356,82.88162545,0
28.43792095,82.40531216,0
28.4744417,82.7865668,0
28.39505065,82.61044024,0
28.43357975,82.60341737,0
28.65793525,82.49562727,0
28.32178856,82.52868047,0
28.35869658,82.70568455,0
28.4024323,82.71144647,0
27.11350475,86.60530577,0
27.10675109,86.64005012,0
29.73400743,81.88961556,0
29.71383331,81.92415266,0
29.75193262,81.81421236,0
29.72963137,81.90352551,0
29.73403247,81.96346813,0
28.74071886,83.7164625,0
28.84904367,80.17581413,0
28.82742407,80.21285827,0
28.83760506,80.22199035,0
28.83223477,80.19627503,0
28.90131472,80.18497886,0
28.53708004,83.73877867,0
27.22954598,85.0748941,0
27.27236457,85.04450809,0
27.20857819,85.07460193,0
27.23422407,85.07803121,0
28.69413208,82.70847935,0
27.78016383,85.32182122,0
27.92188172,86.20467706,0
29.25554398,82.33472894,0
28.1424602,85.15039335,0
28.8076237,82.39450483,0
28.79305447,82.54815068,0
28.78639093,82.58965274,0
28.76375305,82.46928547,0
28.72815582,82.45300768,0
28.7453437,82.53571771,0
28.78321247,82.58478267,0
28.78904442,82.5532817,0
28.77085621,82.70865284,0
28.76567992,82.31626219,0
28.71077862,82.39952052,0
28.73185593,82.63335933,0
28.75486073,82.59523498,0
28.73104723,82.49060062,0
28.74541599,82.63763865,0
28.78867263,82.45363676,0
28.75931796,82.50375281,0
28.75285806,82.34482746,0
28.79557396,82.45418479,0
28.82716618,82.38754097,0
28.76487735,82.53279452,0
28.6972896,82.55604808,0
28.7576558,82.42327193,0
28.71430516,82.62235069,0
28.74160741,82.30308567,0
28.76188598,82.6852959,0
28.72203958,82.34827039,0
28.74451049,82.36220064,0
28.77444468,82.43355431,0
28.75455504,82.67989549,0
27.91697947,84.72981478,0
29.70705706,80.72003858,0
29.75222199,80.85788649,0
29.69654009,80.68578942,0
29.62216871,80.68131939,0
29.70042913,80.84234647,0
29.7060789,80.76071728,0
29.73445476,80.85805334,0
29.63354724,80.79871547,0
28.17910555,85.42907511,0
29.57463715,82.3013952,0
29.55448032,82.26796588,0
29.55890231,82.28034806,0
26.93645661,86.74543217,0
28.44575036,82.54262422,0
28.00979966,83.18990314,0
27.7575335,87.53767785,0
28.94627554,82.46974175,0
28.89448276,82.45570878,0
28.89728078,82.46961701,0
28.95336766,82.48326416,0
28.29155616,85.41042534,0
28.33245067,85.47139349,0
28.55107582,81.915833,0
28.5181555,81.7805513,0
28.48176668,81.83146355,0
28.48451548,81.86540828,0
28.57784559,81.87428834,0
28.47225063,81.78988622,0
28.47421055,81.83007096,0
28.50186359,81.91129942,0
28.02479011,83.27149334,0
27.02296259,86.53165402,0
27.04188301,86.4770107,0
29.07329813,81.73281753,0
28.47957076,82.38616625,0
28.47523115,82.4032022,0
28.61433284,83.06851348,0
28.61197326,82.88305239,0
28.63607402,82.88744503,0
28.62254172,82.9033784,0
28.65705106,82.81217105,0
28.66348664,82.95611933,0
28.65472161,82.82135018,0
28.60107464,83.36840376,0
27.29813461,87.70603345,0
28.62000865,83.25259415,0
28.20006433,83.36402374,0
28.55724757,83.40746655,0
28.56054649,83.37925356,0
28.5457672,83.40968697,0
28.59035638,83.29470585,0
28.5344073,83.43935318,0
28.52407728,83.36906361,0
28.84948123,81.63545841,0
28.42936542,83.12580977,0
28.43639867,83.14298223,0
28.38978279,83.12559478,0
28.48420006,83.1263597,0
28.42612565,83.22142206,0
28.44925267,83.17901615,0
28.39761555,83.14707371,0
28.42345747,83.02622319,0
28.39905782,83.14231626,0
28.71180061,82.29505029,0
27.09017593,85.39218892,0
27.09081369,85.40019699,0
27.11261027,85.39796765,0
26.82941083,87.25898526,0
28.39369927,82.17152733,0
28.47819191,82.8229431,0
28.43719308,82.83200655,0
28.46396773,82.82364855,0
28.84844042,81.50440547,0
28.84852926,81.50118859,0
28.84194951,81.52739845,0
28.83454866,81.5174313,0
28.90163353,81.47580731,0
29.05165866,82.63460262,0
29.10658257,82.55643215,0
29.09911974,82.55781072,0
27.19295708,86.42063026,0
28.33915342,84.04518916,0
28.30941802,83.97262736,0
28.15617862,84.11948715,0
27.97760677,84.17398987,0
28.33532077,84.05395318,0
27.95662103,84.22261408,0
28.08497385,84.20675412,0
28.07584506,84.16639543,0
28.43666094,84.00817373,0
27.96883921,84.24885593,0
28.41594906,84.0333596,0
28.06114339,84.08444318,0
28.08420241,84.12415549,0
28.12274177,84.17859578,0
28.20103761,84.14346055,0
28.38761985,83.98739683,0
28.3370451,83.96955481,0
28.13855592,84.1603267,0
28.13502312,84.15879898,0
28.12387145,84.10422896,0
27.99273849,84.11437215,0
28.00777858,84.11504112,0
28.13487619,84.16769306,0
28.08604452,84.21283494,0
28.04904378,84.08542508,0
28.24117297,84.01176255,0
27.35204428,86.59138256,0
27.62799218,87.26470433,0
28.53374297,84.2919432,0
28.52591837,84.32014487,0
28.06054959,84.43665264,0
28.48059134,83.47284688,0
28.47198048,83.42446878,0
28.44033717,83.40705278,0
28.5329375,83.48880331,0
28.42973326,83.52929965,0
28.48230907,83.53981824,0
28.40509478,83.44275208,0
28.44752876,83.55175167,0
28.43698541,83.40849205,0
28.5166302,83.510055,0
28.80944897,82.12250554,0
28.53572531,82.09285978,0
29.63115556,81.91147204,0
28.68938024,81.39959753,0
29.26247807,82.37908708,0
29.26452302,82.33101946,0
29.17926878,82.38323737,0
29.0454755,82.42710897,0
29.14144078,82.38874928,0
28.59513439,82.36943368,0
27.25805643,86.57036254,0
27.53454672,86.3953914,0
28.27679167,83.06645494,0
28.27168408,83.05510743,0
27.30658276,86.86906616,0
28.31823809,84.44072022,0
28.27932397,84.38549747,0
28.28554906,84.40278958,0
28.293625,84.50441456,0
28.29851175,84.45132982,0
28.26857058,84.43920405,0
28.28672311,84.43969027,0
28.18112014,82.19513601,0
28.53292197,82.2188478,0
28.49943965,82.142525,0
28.50517444,82.23622202,0
28.59224055,82.27425959,0
28.47299551,82.13525862,0
28.621922,82.23211489,0
28.49800949,82.19595126,0
29.4007812,82.1534638,0
29.76251911,81.02038826,0
28.99875594,82.07570703,0
28.22494935,82.46674308,0
29.67747722,80.45980311,0
29.66108656,80.4472919,0
29.65623907,80.43586441,0
28.47391281,82.0287501,0
28.45888123,82.0310224,0
27.63697066,84.03595288,0
27.64841295,84.07556302,0
27.61909726,84.04995054,0
26.68374265,86.5740947,0
27.01658132,85.49574842,0
27.04289892,85.50090307,0
28.54633282,82.07143218,0
29.9262542,81.88900272,0
28.91152699,82.86865612,0
28.88490059,82.80778088,0
28.08721496,82.76164434,0
28.06135028,82.684653,0
29.12359988,81.53705933,0
28.54726843,84.27786742,0
28.17606265,82.15960675,0
28.16355373,82.17213834,0
27.93185155,83.49639962,0
28.48291158,83.32021528,0
28.51117331,83.23830132,0
28.5219352,83.24257748,0
28.40900426,82.27606363,0
27.3622393,86.09908912,0
28.56636817,82.03542285,0
27.33377988,86.24418814,0
27.34572359,86.2659437,0
27.91752411,85.23628721,0
27.48602397,87.44055956,0
27.11747251,87.66036177,0
27.05578393,87.62021341,0
27.0851648,87.6652997,0
28.61584814,81.75639743,0
28.87183166,81.59061008,0
29.46804207,81.5323451,0
28.71739465,82.69940294,0
28.57684927,82.08036441,0
28.04135477,85.75023799,0
28.26251912,82.814919,0
28.43751091,84.34695296,0
29.65052058,82.09221024,0
29.73816691,82.15383414,0
28.63211888,82.10841536,0
28.97128969,82.30472569,0
28.14327504,82.45308062,0
27.08334473,87.40121947,0
27.20767793,87.5151428,0
29.35202554,81.35287637,0
27.37612338,86.60727544,0
28.17224249,82.74330294,0
28.46710902,84.82494124,0
28.4667863,84.84938538,0
27.41830093,86.046114,0
27.55639691,84.55307469,0
28.24629231,82.68422982,0
28.08076344,82.60195119,0
28.26192409,83.7470048,0
27.19208926,85.02114197,0
27.19619238,85.0184847,0
27.17629586,85.02723601,0
27.1881819,85.02606594,0
28.10685584,83.70484811,0
28.18891019,85.07582171,0
28.16200789,84.65674035,0
28.73147123,82.00539869,0
29.59067121,80.9327574,0
29.61667476,80.95374003,0
29.62556709,80.98166926,0
27.07140606,87.52402135,0
29.12893208,82.52637193,0
28.37861187,82.2990976,0
28.36641017,82.26718807,0
29.25028264,82.30828169,0
28.18649776,83.09781304,0
28.72642967,80.63302576,0
28.68964147,80.65184544,0
28.38304762,81.26697982,0
28.34395433,81.2909881,0
28.40410272,81.27742303,0
29.02144958,82.44924208,0
29.0425961,82.49108453,0
27.81201222,84.98152226,0
27.81079771,83.13578868,0
28.63281922,82.28610938,0
28.6595014,82.31043398,0
29.83935096,81.259379,0
26.69161979,87.51741331,0
27.88141438,85.30020403,0
28.68480276,81.91294116,0
29.34168221,81.62123213,0
26.77278457,86.98668104,0
28.48393712,82.52141318,0
28.2942337,82.08995513,0
28.32008491,82.08503,0
28.62170258,84.47294797,0
28.38577417,84.04765049,0
27.66866093,84.31436255,0
28.18008461,83.03966611,0
27.56102315,87.91163767,0
26.88734429,86.21145543,0
28.24742859,83.42157874,0
27.07857931,86.55347372,0
26.65939312,87.46433954,0
26.67625819,87.44211278,0
26.71068025,87.45682873,0
29.56197193,80.88283639,0
28.57889905,83.62986735,0
28.34275468,83.1574454,0
28.39131689,81.23686669,0
27.08446698,87.5026968,0
29.89477822,81.88577043,0
28.1131106,84.41975921,0
29.57203344,82.16274683,0
28.86070774,82.54697871,0
27.15463859,86.70465165,0
29.56781497,81.62562398,0
29.60769968,81.67680658,0
29.6095665,81.71353957,0
29.60679367,81.6829668,0
29.59211393,81.75260255,0
26.84600809,87.132855,0
28.70125877,82.9840935,0
28.81484089,82.37341763,0
29.13217417,82.59725763,0
29.3770749,81.49548397,0
27.01875563,86.72149076,0
26.82897199,86.49563595,0
26.6884898,87.78147311,0
26.69785552,87.82527235,0
26.71156381,87.80120514,0
26.72499084,87.71560972,0
26.7335894,87.75077823,0
28.65095925,82.07844153,0
28.24392408,85.0609987,0
27.91221037,85.26514505,0
29.12088255,81.4570294,0
27.57859836,85.62793795,0
27.99487369,85.16417464,0
28.06003108,85.76184365,0
29.85323127,80.64637325,0
29.0400123,81.40287219,0
29.07257678,81.44066936,0
27.39350323,87.84372483,0
28.01302386,83.12312425,0
29.802367,81.69044132,0
27.24094887,85.90040981,0
29.28423248,82.1275247,0
29.1061766,81.93357748,0
29.16494201,81.26572424,0
28.75059343,82.73473631,0
29.76246914,82.12917814,0
28.16004775,83.26441339,0
27.16489531,85.1463837,0
27.15659197,85.13153968,0
27.24394398,85.12586409,0
27.18802244,85.11797685,0
26.92054532,86.15057693,0
27.49598032,86.11996072,0
27.99425624,83.78649787,0
28.52613151,83.03132837,0
28.50726978,83.01649275,0
27.87112349,85.09479867,0
29.61077344,81.72452047,0
28.16818403,85.3246405,0
28.17204079,85.23719905,0
28.17790642,85.3010817,0
28.94257939,81.63447841,0
28.24721011,81.43288524,0
28.25007696,81.41512379,0
27.89271573,85.0952229,0
27.64887736,85.40608459,0
27.8566081,84.97825298,0
27.12862179,86.58999716,0
28.59180142,81.61754662,0
27.56299174,84.12987054,0
28.35009352,82.13157896,0
28.34388196,82.17282268,0
27.34803936,85.94356735,0
29.86874256,81.97875297,0
28.85554119,82.54814825,0
28.84869029,82.43224441,0
28.5585854,83.20624656,0
29.00993197,82.85655858,0
27.13573924,87.51427786,0
27.99039538,83.11320463,0
29.86013384,82.14882164,0
28.61946613,81.8710238,0
28.54318532,82.11399941,0
27.34986263,84.572878,0
28.17712603,83.24074617,0
29.32929205,80.67573971,0
28.27695659,85.36574549,0
28.63283388,82.22771165,0
28.3437847,83.12438511,0
28.60581296,81.95013255,0
27.8427702,86.1053948,0
28.14603403,84.69228841,0
28.64179835,82.06352023,0
29.35807903,81.39210759,0
29.27787059,80.93243285,0
28.18973352,84.72616374,0
27.26482982,86.42114591,0
28.12080676,81.792212,0
28.73431825,80.70318564,0
28.64860125,80.74534012,0
28.71438317,80.6920231,0
28.69944915,80.69517568,0
29.97718028,81.974413,0
28.55705219,83.69067843,0
26.73480616,87.66825146,0
27.85756944,85.02446316,0
29.80910406,82.08719213,0
29.8187743,82.10191683,0
27.52413959,85.84352912,0
28.68502498,82.87993441,0
27.69172382,84.40522795,0
28.21540034,84.56534814,0
27.90941264,83.6331705,0
27.92777524,83.59510835,0
28.36172148,82.35495465,0
27.22022565,85.15321606,0
27.55572227,85.72155289,0
26.69754317,87.3252296,0
27.44730052,85.91674274,0
28.35472165,84.82811796,0
29.28441394,80.60389778,0
29.66800191,80.87564647,0
28.55621128,83.3040488,0
28.57554555,83.21824928,0
28.50536659,83.17058774,0
27.6707913,85.60168418,0
28.22013259,82.75104654,0
28.43505111,84.17869114,0
29.55506427,81.13357555,0
29.54880403,81.14379321,0
29.58102117,81.10432706,0
28.64629959,82.01963892,0
28.64482277,82.00349268,0
27.32277238,86.74979413,0
29.03610775,82.0903103,0
29.10757326,82.11338614,0
28.31033091,84.92986401,0
28.3325043,84.92586261,0
26.98611923,85.68366601,0
28.70449931,82.73317775,0
28.0183046,83.15543556,0
27.45919189,86.7320956,0
27.04012307,85.76412002,0
27.0159496,85.76347894,0
27.79529535,87.30316418,0
27.57127867,84.50993645,0
28.17829292,85.21211021,0
27.49693909,87.25479265,0
29.11379266,82.37726044,0
29.71086009,81.35733552,0
29.93408751,80.77053991,0
27.22929856,86.80646626,0
29.79744041,80.9825844,0
29.51648958,80.95444178,0
28.61168263,82.07476549,0
27.61400628,83.20628219,0
27.79598854,86.08720157,0
28.29989056,83.70944588,0
28.50383662,83.13579629,0
28.52052162,83.12581356,0
27.40191954,84.95045581,0
27.5116069,86.00734706,0
29.522228,81.45051427,0
27.52748495,85.98371721,0
26.80439092,87.15309373,0
29.40475462,81.39055856,0
28.37032501,83.50137877,0
26.91566269,87.234011,0
29.75044419,81.34956828,0
27.33247895,87.74501158,0
29.51145412,80.7272678,0
28.91405567,81.48824907,0
29.78523582,80.85304969,0
29.79179985,80.88018408,0
27.47408252,86.25982916,0
29.20421132,82.10946828,0
29.22188454,82.01029828,0
29.20519641,82.209295,0
29.61560657,82.12449905,0
28.13041735,82.80289388,0
28.21575761,82.84175888,0
29.708153,81.41451403,0
28.44185304,84.12428755,0
27.06338737,87.5838819,0
27.25949589,86.11445766,0
27.28663615,87.84103028,0
28.28884075,82.55777652,0
28.76619537,80.76375793,0
29.04317336,82.69504787,0
28.68430107,82.38823654,0
28.74904605,82.84648369,0
29.60306348,82.31999171,0
29.6223424,82.24355041,0
28.06476496,85.59635007,0
27.72524983,86.66090029,0
28.95209735,81.63824095,0
28.64462325,81.75749451,0
29.34224633,80.35619782,0
28.51916216,83.09111117,0
28.00066381,83.25624799,0
28.12285828,82.79253678,0
28.56083491,83.22065178,0
29.37048488,80.30050977,0
27.69405389,83.11832666,0
28.42600818,84.87233869,0
28.17721816,85.2233073,0
27.20067367,86.4306821,0
26.66508505,86.5947393,0
28.89058749,82.88365324,0
28.88808831,82.93275368,0
29.55844697,81.55239071,0
29.69351674,81.34483007,0
28.69290152,83.64786337,0
28.59057204,82.87233647,0
26.71699056,87.12655283,0
28.64483684,82.27081574,0
28.77811397,80.6607011,0
28.10007878,82.82262371,0
28.22124412,81.57160493,0
29.67021619,81.18242981,0
27.04429398,85.68410338,0
28.35391164,82.58579131,0
28.62567602,83.60511399,0
29.90861984,80.60866596,0
27.22743611,86.59305018,0
29.68070661,80.53187206,0
27.51562196,85.76511252,0
27.58790754,85.54955589,0
28.05715391,82.94162796,0
28.06104951,82.94750046,0
28.92527704,81.52371345,0
27.14317311,86.73990355,0
28.97386001,82.66046118,0
27.08766537,86.53018694,0
29.80299963,80.63294362,0
27.65166588,86.91590793,0
29.74529565,81.36982643,0
28.18953523,84.88125414,0
27.13343099,87.03302769,0
29.63312915,82.11874619,0
29.7042696,81.92837503,0
28.22308257,84.25421294,0
28.33453905,84.87030328,0
28.64108935,82.3590083,0
27.60539276,84.1456215,0
28.21514245,82.67706542,0
27.00549123,86.54713973,0
28.59038683,84.42681992,0
27.67672773,85.45838172,0
27.71134641,83.01997366,0
27.71374555,85.43724157,0
28.13009274,82.88160107,0
28.04406355,84.49387156,0
28.05721908,83.07725108,0
28.90085547,81.60822183,0
29.69473486,82.04924252,0
29.54782609,80.86379814,0
28.14310133,82.28322578,0
27.66895167,84.01367841,0
27.64468563,87.07002225,0
27.86629598,84.85050849,0
27.05053837,86.68983605,0
28.70838274,81.72355763,0
28.23382068,85.32764905,0
27.62219157,87.82697355,0
28.44854358,82.67690852,0
28.01009755,84.27855735,0
28.80555219,81.97765438,0
28.53554074,82.87918146,0
